"comment_id";"created_at";"profile_pic_url";"text";"user_id";"username"
"18364447636144081";"1753981929";"https://instagram.fjog5-1.fna.fbcdn.net/v/t51.2885-19/454946400_1230717494783664_1969466620221107319_n.jpg?stp=dst-jpg_s150x150_tt6&efg=eyJ2ZW5jb2RlX3RhZyI6InByb2ZpbGVfcGljLmRqYW5nby4xMDgwLmMyIn0&_nc_ht=instagram.fjog5-1.fna.fbcdn.net&_nc_cat=100&_nc_oc=Q6cZ2QGWFMiMbCIRiGrLFfBvIy_ilrMLPkCUl3Fnnn6a0-6DtDTRDZGi2eap1RMr8ieJL-M&_nc_ohc=1WqegwPQ1eMQ7kNvwE8RhWw&_nc_gid=w6wllXqTCFBhLBoyC61SAQ&edm=AI-cjbYBAAAA&ccb=7-5&oh=00_AfSkkj6FsfM-un2ZRWkib44jaSLQx93vDFryEr7XjUrb4Q&oe=689171E4&_nc_sid=0985b0";"Yang jeblosin dia, malah pura2 jadi pahlawan.";"2273506547";"bolehikut"
"18516632320053283";"1753981976";"https://instagram.fjog5-1.fna.fbcdn.net/v/t51.2885-19/515148599_18049637462569469_652065150472332728_n.jpg?stp=dst-jpg_s150x150_tt6&efg=eyJ2ZW5jb2RlX3RhZyI6InByb2ZpbGVfcGljLmRqYW5nby43MjAuYzIifQ&_nc_ht=instagram.fjog5-1.fna.fbcdn.net&_nc_cat=105&_nc_oc=Q6cZ2QGWFMiMbCIRiGrLFfBvIy_ilrMLPkCUl3Fnnn6a0-6DtDTRDZGi2eap1RMr8ieJL-M&_nc_ohc=cskt65H46YMQ7kNvwGeaH9A&_nc_gid=w6wllXqTCFBhLBoyC61SAQ&edm=AI-cjbYBAAAA&ccb=7-5&oh=00_AfRyynjqyztYvklQn0Sl6vpvQB_kicmV7b4XOMgbEaz-Rg&oe=68916D00&_nc_sid=0985b0";"😂";"47196609468";"ddksr1"
"18086492935747440";"1753982005";"https://instagram.fjog5-1.fna.fbcdn.net/v/t51.2885-19/323030026_142692051632773_9197375435955893593_n.jpg?stp=dst-jpg_s150x150_tt6&efg=eyJ2ZW5jb2RlX3RhZyI6InByb2ZpbGVfcGljLmRqYW5nby4xMDgwLmMyIn0&_nc_ht=instagram.fjog5-1.fna.fbcdn.net&_nc_cat=101&_nc_oc=Q6cZ2QGWFMiMbCIRiGrLFfBvIy_ilrMLPkCUl3Fnnn6a0-6DtDTRDZGi2eap1RMr8ieJL-M&_nc_ohc=an3w46xzEMoQ7kNvwH9L2me&_nc_gid=w6wllXqTCFBhLBoyC61SAQ&edm=AI-cjbYBAAAA&ccb=7-5&oh=00_AfSaQTroxVEHxLsQA3sdDP0SCFpreoRovwuDd_BAVZu1Ew&oe=68918454&_nc_sid=0985b0";"Di bebasin salah, ga dibebasin salah.";"1946003270";"diicky_mnoer"
"17858370987465619";"1753982015";"https://instagram.fjog5-1.fna.fbcdn.net/v/t51.2885-19/436230043_1093652441688815_7223317107904921487_n.jpg?stp=dst-jpg_s150x150_tt6&efg=eyJ2ZW5jb2RlX3RhZyI6InByb2ZpbGVfcGljLmRqYW5nby4zMjAuYzIifQ&_nc_ht=instagram.fjog5-1.fna.fbcdn.net&_nc_cat=111&_nc_oc=Q6cZ2QGWFMiMbCIRiGrLFfBvIy_ilrMLPkCUl3Fnnn6a0-6DtDTRDZGi2eap1RMr8ieJL-M&_nc_ohc=2a35auU6TdcQ7kNvwG1dbJb&_nc_gid=w6wllXqTCFBhLBoyC61SAQ&edm=AI-cjbYBAAAA&ccb=7-5&oh=00_AfScl734PT9YSWUUv6NtIU8jM1H7_zm4v4mU4cwP-TNJrw&oe=689198DD&_nc_sid=0985b0";"Abis itu ntar dbilang gatau diri gatau terimakasih 🤣";"878351227";"litiar"
"18152658658379940";"1753982019";"https://instagram.fjog5-1.fna.fbcdn.net/v/t51.2885-19/515111322_18138671962413250_1183877926919578109_n.jpg?stp=dst-jpg_s150x150_tt6&efg=eyJ2ZW5jb2RlX3RhZyI6InByb2ZpbGVfcGljLmRqYW5nby4xMDgwLmMyIn0&_nc_ht=instagram.fjog5-1.fna.fbcdn.net&_nc_cat=110&_nc_oc=Q6cZ2QGWFMiMbCIRiGrLFfBvIy_ilrMLPkCUl3Fnnn6a0-6DtDTRDZGi2eap1RMr8ieJL-M&_nc_ohc=blctPkRmYvYQ7kNvwH4FAho&_nc_gid=w6wllXqTCFBhLBoyC61SAQ&edm=AI-cjbYBAAAA&ccb=7-5&oh=00_AfSOSREeJ5ULSPP3l8w-nzBMB8ILfCoqYLxSHCJaWwqIFQ&oe=68917731&_nc_sid=0985b0";"@edoartjoel edo pintar sedikit kek";"12281293249";"ficcryyyy"
"17929468019965984";"1753982054";"https://instagram.fjog5-1.fna.fbcdn.net/v/t51.2885-19/496731930_18062826917287215_1908434696234544346_n.jpg?stp=dst-jpg_s150x150_tt6&efg=eyJ2ZW5jb2RlX3RhZyI6InByb2ZpbGVfcGljLmRqYW5nby4xMDgwLmMyIn0&_nc_ht=instagram.fjog5-1.fna.fbcdn.net&_nc_cat=103&_nc_oc=Q6cZ2QGWFMiMbCIRiGrLFfBvIy_ilrMLPkCUl3Fnnn6a0-6DtDTRDZGi2eap1RMr8ieJL-M&_nc_ohc=M5mBvlMAO6QQ7kNvwHc7eLV&_nc_gid=w6wllXqTCFBhLBoyC61SAQ&edm=AI-cjbYBAAAA&ccb=7-5&oh=00_AfTyJ9igme8yel2Em22UPHAzs7ICI5fftygmb4kpOi5RSg&oe=68916D1D&_nc_sid=0985b0";"yaudah terus maunya gimana? tetep lanjut sidang?";"38589087214";"sccaramouuche"
"18090923782656182";"1753982085";"https://instagram.fjog5-1.fna.fbcdn.net/v/t51.2885-19/510001427_18347117572083606_2270285177532240708_n.jpg?stp=dst-jpg_s150x150_tt6&efg=eyJ2ZW5jb2RlX3RhZyI6InByb2ZpbGVfcGljLmRqYW5nby4xMDgwLmMyIn0&_nc_ht=instagram.fjog5-1.fna.fbcdn.net&_nc_cat=106&_nc_oc=Q6cZ2QGWFMiMbCIRiGrLFfBvIy_ilrMLPkCUl3Fnnn6a0-6DtDTRDZGi2eap1RMr8ieJL-M&_nc_ohc=VrWncGeDFdYQ7kNvwHaj4tj&_nc_gid=w6wllXqTCFBhLBoyC61SAQ&edm=AI-cjbYBAAAA&ccb=7-5&oh=00_AfQ9TBOwU9fOqrf7e7C1zXz5gptnkz3BkoAPz4mQlNGGlA&oe=68916DD2&_nc_sid=0985b0";"@ficcryyyy kau mau ku ajarin apa?";"2533539605";"edoartjoel"
"18478824091072730";"1753982137";"https://instagram.fjog5-1.fna.fbcdn.net/v/t51.2885-19/511210211_18317516407229313_822364439496947611_n.jpg?stp=dst-jpg_s150x150_tt6&efg=eyJ2ZW5jb2RlX3RhZyI6InByb2ZpbGVfcGljLmRqYW5nby4xMDgwLmMyIn0&_nc_ht=instagram.fjog5-1.fna.fbcdn.net&_nc_cat=109&_nc_oc=Q6cZ2QGWFMiMbCIRiGrLFfBvIy_ilrMLPkCUl3Fnnn6a0-6DtDTRDZGi2eap1RMr8ieJL-M&_nc_ohc=-_y9u-wt8msQ7kNvwGah2Nv&_nc_gid=w6wllXqTCFBhLBoyC61SAQ&edm=AI-cjbYBAAAA&ccb=7-5&oh=00_AfT3sRoTaEcgO9G6pYMJSKarokQJylmOnFOVusv_HqrM_Q&oe=6891892A&_nc_sid=0985b0";"@edoartjoel bnyk bcd kau edo";"6855917312";"itszaka06"
"17851462563509964";"1753982158";"https://instagram.fjog5-1.fna.fbcdn.net/v/t51.2885-19/469479380_1367547191336127_8204880359982829428_n.jpg?stp=dst-jpg_s150x150_tt6&efg=eyJ2ZW5jb2RlX3RhZyI6InByb2ZpbGVfcGljLmRqYW5nby4xMDgwLmMyIn0&_nc_ht=instagram.fjog5-1.fna.fbcdn.net&_nc_cat=103&_nc_oc=Q6cZ2QGWFMiMbCIRiGrLFfBvIy_ilrMLPkCUl3Fnnn6a0-6DtDTRDZGi2eap1RMr8ieJL-M&_nc_ohc=PO7_dO6yYAEQ7kNvwEw5-CT&_nc_gid=w6wllXqTCFBhLBoyC61SAQ&edm=AI-cjbYBAAAA&ccb=7-5&oh=00_AfTdTzD9C5sPju6clM7WYKR2f8STBOQ8kHhlELZos5Uyxw&oe=68919B6B&_nc_sid=0985b0";"";"7175740779";"zetoeau"
"18174501385341853";"1753982185";"https://instagram.fjog5-1.fna.fbcdn.net/v/t51.2885-19/510001427_18347117572083606_2270285177532240708_n.jpg?stp=dst-jpg_s150x150_tt6&efg=eyJ2ZW5jb2RlX3RhZyI6InByb2ZpbGVfcGljLmRqYW5nby4xMDgwLmMyIn0&_nc_ht=instagram.fjog5-1.fna.fbcdn.net&_nc_cat=106&_nc_oc=Q6cZ2QGWFMiMbCIRiGrLFfBvIy_ilrMLPkCUl3Fnnn6a0-6DtDTRDZGi2eap1RMr8ieJL-M&_nc_ohc=VrWncGeDFdYQ7kNvwHaj4tj&_nc_gid=w6wllXqTCFBhLBoyC61SAQ&edm=AI-cjbYBAAAA&ccb=7-5&oh=00_AfQ9TBOwU9fOqrf7e7C1zXz5gptnkz3BkoAPz4mQlNGGlA&oe=68916DD2&_nc_sid=0985b0";"@itszaka06 yg banyak makan kan cuma kau";"2533539605";"edoartjoel"
"18092503552661340";"1753982271";"https://instagram.fjog5-1.fna.fbcdn.net/v/t51.2885-19/430835850_390584540389599_8173463286625888161_n.jpg?stp=dst-jpg_s150x150_tt6&efg=eyJ2ZW5jb2RlX3RhZyI6InByb2ZpbGVfcGljLmRqYW5nby4xMDgwLmMyIn0&_nc_ht=instagram.fjog5-1.fna.fbcdn.net&_nc_cat=103&_nc_oc=Q6cZ2QGWFMiMbCIRiGrLFfBvIy_ilrMLPkCUl3Fnnn6a0-6DtDTRDZGi2eap1RMr8ieJL-M&_nc_ohc=mNyDmtGpaQ0Q7kNvwFnflhv&_nc_gid=w6wllXqTCFBhLBoyC61SAQ&edm=AI-cjbYBAAAA&ccb=7-5&oh=00_AfQKhBD5T3pw94wCBDd1I8vqFJnrhl7KzBl-2oGgLcoSfg&oe=68917D4A&_nc_sid=0985b0";"@ias.ha.oi Kmren bilang nya gara gara pesenan jokowi 🤣 eh dh di bntu malah prabowo lgi yg di bilang manjarain pahlawan kesiangan sgla 🤣 jdi yg benar yg mana nehh";"28410641830";"agoess.ptm"
"17877027996382874";"1753982279";"https://instagram.fjog5-1.fna.fbcdn.net/v/t51.2885-19/430835850_390584540389599_8173463286625888161_n.jpg?stp=dst-jpg_s150x150_tt6&efg=eyJ2ZW5jb2RlX3RhZyI6InByb2ZpbGVfcGljLmRqYW5nby4xMDgwLmMyIn0&_nc_ht=instagram.fjog5-1.fna.fbcdn.net&_nc_cat=103&_nc_oc=Q6cZ2QGWFMiMbCIRiGrLFfBvIy_ilrMLPkCUl3Fnnn6a0-6DtDTRDZGi2eap1RMr8ieJL-M&_nc_ohc=mNyDmtGpaQ0Q7kNvwFnflhv&_nc_gid=w6wllXqTCFBhLBoyC61SAQ&edm=AI-cjbYBAAAA&ccb=7-5&oh=00_AfQKhBD5T3pw94wCBDd1I8vqFJnrhl7KzBl-2oGgLcoSfg&oe=68917D4A&_nc_sid=0985b0";"@ghazyrizqir Kmren bilang nya gara gara pesenan jokowi 🤣 eh dh di bntu malah prabowo lgi yg di bilang manjarain pahlawan kesiangan sgla 🤣 jdi yg benar yg mana nehh";"28410641830";"agoess.ptm"
"17912652204165439";"1753982286";"https://instagram.fjog5-1.fna.fbcdn.net/v/t51.2885-19/430835850_390584540389599_8173463286625888161_n.jpg?stp=dst-jpg_s150x150_tt6&efg=eyJ2ZW5jb2RlX3RhZyI6InByb2ZpbGVfcGljLmRqYW5nby4xMDgwLmMyIn0&_nc_ht=instagram.fjog5-1.fna.fbcdn.net&_nc_cat=103&_nc_oc=Q6cZ2QGWFMiMbCIRiGrLFfBvIy_ilrMLPkCUl3Fnnn6a0-6DtDTRDZGi2eap1RMr8ieJL-M&_nc_ohc=mNyDmtGpaQ0Q7kNvwFnflhv&_nc_gid=w6wllXqTCFBhLBoyC61SAQ&edm=AI-cjbYBAAAA&ccb=7-5&oh=00_AfQKhBD5T3pw94wCBDd1I8vqFJnrhl7KzBl-2oGgLcoSfg&oe=68917D4A&_nc_sid=0985b0";"@surya.dk_ Kmren bilang nya gara gara pesenan jokowi 🤣 eh dh di bntu malah prabowo lgi yg di bilang manjarain pahlawan kesiangan sgla 🤣 jdi yg benar yg mana nehh";"28410641830";"agoess.ptm"
"18131672647431464";"1753982287";"https://instagram.fjga1-1.fna.fbcdn.net/v/t51.2885-19/464760996_1254146839119862_3605321457742435801_n.png?stp=dst-jpg_e0_s150x150_tt6&cb=8577c754-c2464923&efg=eyJ2ZW5jb2RlX3RhZyI6InByb2ZpbGVfcGljLmRqYW5nby4xNTAuYzIifQ&_nc_ht=instagram.fjga1-1.fna.fbcdn.net&_nc_cat=1&_nc_oc=Q6cZ2QGIX97khMhOpSlRtU-7qkIX6bh9z0B9virKljiSyuiBextaLTiGmF1JIYNtUMS1qUp0mP1sQD-1xJHLaBc7Mxfb&_nc_ohc=cmGW-gSOmkoQ7kNvwF__H4f&_nc_gid=nEPq4m_XpfVL7QtU8kpYOA&edm=AA0lj5EBAAAA&ccb=7-5&ig_cache_key=YW5vbnltb3VzX3Byb2ZpbGVfcGlj.3-ccb7-5-cb8577c754-c2464923&oh=00_AfRzkEzdJZv-9n_xoj5SVaMGKPas0JADvDNhpDOKxhKhsg&oe=689174E8&_nc_sid=0a490e";"@mhdthoyib_ saya mau main juga (dengan nada jarjid Singh)";"5497254457";"igdsndraa_33"
"18018506045739343";"1753982373";"https://instagram.fjog5-1.fna.fbcdn.net/v/t51.2885-19/483608412_529973799696827_8095867295748791872_n.jpg?stp=dst-jpg_s150x150_tt6&efg=eyJ2ZW5jb2RlX3RhZyI6InByb2ZpbGVfcGljLmRqYW5nby4xMDgwLmMyIn0&_nc_ht=instagram.fjog5-1.fna.fbcdn.net&_nc_cat=111&_nc_oc=Q6cZ2QGWFMiMbCIRiGrLFfBvIy_ilrMLPkCUl3Fnnn6a0-6DtDTRDZGi2eap1RMr8ieJL-M&_nc_ohc=E8Tj8vN9AQQQ7kNvwGEZPQw&_nc_gid=w6wllXqTCFBhLBoyC61SAQ&edm=AI-cjbYBAAAA&ccb=7-5&oh=00_AfT_6O7GwsrbkMpykljJLrRxMdneYttkqn1ADZLEzhuK8w&oe=68918934&_nc_sid=0985b0";"Ohh jadi cara mainnya kaya gitu?";"3940757646";"sylvia_anii"
"18075962171510007";"1753982435";"https://instagram.fjog5-1.fna.fbcdn.net/v/t51.2885-19/498338669_18502068556009254_6323142476866566977_n.jpg?stp=dst-jpg_s150x150_tt6&efg=eyJ2ZW5jb2RlX3RhZyI6InByb2ZpbGVfcGljLmRqYW5nby4xMDgwLmMyIn0&_nc_ht=instagram.fjog5-1.fna.fbcdn.net&_nc_cat=106&_nc_oc=Q6cZ2QGWFMiMbCIRiGrLFfBvIy_ilrMLPkCUl3Fnnn6a0-6DtDTRDZGi2eap1RMr8ieJL-M&_nc_ohc=07yhz34esRoQ7kNvwFfdv_U&_nc_gid=w6wllXqTCFBhLBoyC61SAQ&edm=AI-cjbYBAAAA&ccb=7-5&oh=00_AfTS8CfuA26dZcQIS8oYLdjFEbf1-Xht6a8MItzf2qBzHg&oe=68916E6C&_nc_sid=0985b0";"Polaaa yg samaa 😂";"537545253";"zarbuzar"
"18068850023162331";"1753982453";"https://instagram.fjga1-1.fna.fbcdn.net/v/t51.2885-19/464760996_1254146839119862_3605321457742435801_n.png?stp=dst-jpg_e0_s150x150_tt6&cb=8577c754-c2464923&efg=eyJ2ZW5jb2RlX3RhZyI6InByb2ZpbGVfcGljLmRqYW5nby4xNTAuYzIifQ&_nc_ht=instagram.fjga1-1.fna.fbcdn.net&_nc_cat=1&_nc_oc=Q6cZ2QGIX97khMhOpSlRtU-7qkIX6bh9z0B9virKljiSyuiBextaLTiGmF1JIYNtUMS1qUp0mP1sQD-1xJHLaBc7Mxfb&_nc_ohc=cmGW-gSOmkoQ7kNvwF__H4f&_nc_gid=nEPq4m_XpfVL7QtU8kpYOA&edm=AA0lj5EBAAAA&ccb=7-5&ig_cache_key=YW5vbnltb3VzX3Byb2ZpbGVfcGlj.3-ccb7-5-cb8577c754-c2464923&oh=00_AfRzkEzdJZv-9n_xoj5SVaMGKPas0JADvDNhpDOKxhKhsg&oe=689174E8&_nc_sid=0a490e";"@mhdthoyib_ sama ky mentor nya king owi";"8545943721";"_adunggg"
"18086522968747581";"1753982458";"https://instagram.fjog5-1.fna.fbcdn.net/v/t51.2885-19/505749864_18356266510159951_8041353602056600296_n.jpg?stp=dst-jpg_s150x150_tt6&efg=eyJ2ZW5jb2RlX3RhZyI6InByb2ZpbGVfcGljLmRqYW5nby43MjAuYzIifQ&_nc_ht=instagram.fjog5-1.fna.fbcdn.net&_nc_cat=107&_nc_oc=Q6cZ2QGWFMiMbCIRiGrLFfBvIy_ilrMLPkCUl3Fnnn6a0-6DtDTRDZGi2eap1RMr8ieJL-M&_nc_ohc=trobG-X338cQ7kNvwG3HtWd&_nc_gid=w6wllXqTCFBhLBoyC61SAQ&edm=AI-cjbYBAAAA&ccb=7-5&oh=00_AfTSH_cRSr9E9kfrGoAsmaHJIK6R3PQEg_Jr2xbNKPRYNg&oe=68918535&_nc_sid=0985b0";"";"4662871950";"needmuchmoney"
"18056162879603482";"1753982479";"https://instagram.fjog5-1.fna.fbcdn.net/v/t51.2885-19/452982363_854735299378445_4832523235388291452_n.jpg?stp=dst-jpg_s150x150_tt6&efg=eyJ2ZW5jb2RlX3RhZyI6InByb2ZpbGVfcGljLmRqYW5nby4xMDgwLmMyIn0&_nc_ht=instagram.fjog5-1.fna.fbcdn.net&_nc_cat=105&_nc_oc=Q6cZ2QGWFMiMbCIRiGrLFfBvIy_ilrMLPkCUl3Fnnn6a0-6DtDTRDZGi2eap1RMr8ieJL-M&_nc_ohc=lrGx5MRZ1cYQ7kNvwES8sfY&_nc_gid=w6wllXqTCFBhLBoyC61SAQ&edm=AI-cjbYBAAAA&ccb=7-5&oh=00_AfQFZug9w2DF3zfgvERUSDddWQse9aokAfYGyY9_PJnqow&oe=689182DA&_nc_sid=0985b0";"Superrrmaannnnnnn🔥🔥";"1496109585";"sasa_bratawidjaja"
"18062757275195488";"1753982515";"https://instagram.fjog5-1.fna.fbcdn.net/v/t51.2885-19/358421246_1324132371527752_2036592591448330779_n.jpg?stp=dst-jpg_s150x150_tt6&efg=eyJ2ZW5jb2RlX3RhZyI6InByb2ZpbGVfcGljLmRqYW5nby4xMDgwLmMyIn0&_nc_ht=instagram.fjog5-1.fna.fbcdn.net&_nc_cat=104&_nc_oc=Q6cZ2QGWFMiMbCIRiGrLFfBvIy_ilrMLPkCUl3Fnnn6a0-6DtDTRDZGi2eap1RMr8ieJL-M&_nc_ohc=4FLT78mSKKIQ7kNvwEB7oGa&_nc_gid=w6wllXqTCFBhLBoyC61SAQ&edm=AI-cjbYBAAAA&ccb=7-5&oh=00_AfS_6Cwqparf5-_VjI8qiTcTwLrAujtPJdwgRe5HmZjyFQ&oe=68917840&_nc_sid=0985b0";"@amarawindari gak ada yg mau bahas bro, org2 pada mikirin masalahnya sndiri 😂";"1653413784";"dedyarliansyah"
"18052513901176945";"1753982667";"https://instagram.fjog5-1.fna.fbcdn.net/v/t51.2885-19/470095882_584081427897981_6763860449508396585_n.jpg?stp=dst-jpg_s150x150_tt6&efg=eyJ2ZW5jb2RlX3RhZyI6InByb2ZpbGVfcGljLmRqYW5nby4xMDgwLmMyIn0&_nc_ht=instagram.fjog5-1.fna.fbcdn.net&_nc_cat=109&_nc_oc=Q6cZ2QGWFMiMbCIRiGrLFfBvIy_ilrMLPkCUl3Fnnn6a0-6DtDTRDZGi2eap1RMr8ieJL-M&_nc_ohc=x6-jtY-zB-QQ7kNvwEQ917_&_nc_gid=w6wllXqTCFBhLBoyC61SAQ&edm=AI-cjbYBAAAA&ccb=7-5&oh=00_AfT5r3Zh4PiPiL-e4VzizJmwfeww2-NMMLNh-E_6H_72uQ&oe=689171A2&_nc_sid=0985b0";"@agoess.ptm yang bener, tom Lembong harus menang dalam pengadilan dan bersih dari segala tuduhan, maksudnya emote ketawa apa ya? merendahkan kah?";"15235512329";"surya.dk_"
"18056013212523008";"1753982918";"https://instagram.fjog5-1.fna.fbcdn.net/v/t51.2885-19/524637977_18172016812341816_1815676727663252838_n.jpg?stp=dst-jpg_s150x150_tt6&efg=eyJ2ZW5jb2RlX3RhZyI6InByb2ZpbGVfcGljLmRqYW5nby4xMDgwLmMyIn0&_nc_ht=instagram.fjog5-1.fna.fbcdn.net&_nc_cat=100&_nc_oc=Q6cZ2QGWFMiMbCIRiGrLFfBvIy_ilrMLPkCUl3Fnnn6a0-6DtDTRDZGi2eap1RMr8ieJL-M&_nc_ohc=E1dkn6zxo3oQ7kNvwHScfCj&_nc_gid=w6wllXqTCFBhLBoyC61SAQ&edm=AI-cjbYBAAAA&ccb=7-5&oh=00_AfTLdOwfUfBiMW3OLge-kwh1wbJA6mr28gOq1GEG6UnaTQ&oe=68919087&_nc_sid=0985b0";"@edoartjoel ini konteksnya ngomongin 58% itu kan bang?";"10085917815";"han00eul"
"18076182130782993";"1753983296";"https://instagram.fjog5-1.fna.fbcdn.net/v/t51.2885-19/505746233_18502779673012300_8614098630035394173_n.jpg?stp=dst-jpg_s150x150_tt6&efg=eyJ2ZW5jb2RlX3RhZyI6InByb2ZpbGVfcGljLmRqYW5nby4xMDI0LmMyIn0&_nc_ht=instagram.fjog5-1.fna.fbcdn.net&_nc_cat=104&_nc_oc=Q6cZ2QGWFMiMbCIRiGrLFfBvIy_ilrMLPkCUl3Fnnn6a0-6DtDTRDZGi2eap1RMr8ieJL-M&_nc_ohc=JzROeCSDIZoQ7kNvwGFRuzC&_nc_gid=w6wllXqTCFBhLBoyC61SAQ&edm=AI-cjbYBAAAA&ccb=7-5&oh=00_AfRiapnN6tjkOYPYw91S_mflfWnW-baiaRWOrqFDp-q-qg&oe=68919F8F&_nc_sid=0985b0";"Ngeri 2029 ada kalimat.. “saya menyelamatkan anda mas tom lembong” mas tom mas tom 😂😂😂";"477324299";"denisadha"
"18060444935355243";"1753983467";"https://instagram.fjog5-1.fna.fbcdn.net/v/t51.2885-19/489566745_29075777425401456_3254763150447086219_n.jpg?stp=dst-jpg_s150x150_tt6&efg=eyJ2ZW5jb2RlX3RhZyI6InByb2ZpbGVfcGljLmRqYW5nby4xMDgwLmMyIn0&_nc_ht=instagram.fjog5-1.fna.fbcdn.net&_nc_cat=100&_nc_oc=Q6cZ2QGWFMiMbCIRiGrLFfBvIy_ilrMLPkCUl3Fnnn6a0-6DtDTRDZGi2eap1RMr8ieJL-M&_nc_ohc=VJnuA_yZNRoQ7kNvwELIsiO&_nc_gid=w6wllXqTCFBhLBoyC61SAQ&edm=AI-cjbYBAAAA&ccb=7-5&oh=00_AfQH5rP7S1AZQudAuW8iMkGZz3rd4tUZqzpDXfUNv0lloQ&oe=68917C93&_nc_sid=0985b0";"🔥🔥🔥🔥🔥🔥";"3556639981";"demacroshit"
"18091592839642572";"1753983499";"https://instagram.fjog5-1.fna.fbcdn.net/v/t51.2885-19/521229654_18091532530644925_5762662865501947642_n.jpg?stp=dst-jpg_s150x150_tt6&efg=eyJ2ZW5jb2RlX3RhZyI6InByb2ZpbGVfcGljLmRqYW5nby4xMDgwLmMyIn0&_nc_ht=instagram.fjog5-1.fna.fbcdn.net&_nc_cat=101&_nc_oc=Q6cZ2QGWFMiMbCIRiGrLFfBvIy_ilrMLPkCUl3Fnnn6a0-6DtDTRDZGi2eap1RMr8ieJL-M&_nc_ohc=Zx-iftTMQYcQ7kNvwHANr2z&_nc_gid=w6wllXqTCFBhLBoyC61SAQ&edm=AI-cjbYBAAAA&ccb=7-5&oh=00_AfTrT5Mc6lIIXxKPIf18xWAhlrzFTKQKIg2a4upEMhYpBA&oe=6891740C&_nc_sid=0985b0";"duh main pahlawan2an kaahh wkwkwwk";"19225492924";"rendanggonewild"
"17904142998214027";"1753983542";"https://instagram.fjog5-1.fna.fbcdn.net/v/t51.2885-19/514588703_18284035948270648_3605411050554968439_n.jpg?stp=dst-jpg_s150x150_tt6&efg=eyJ2ZW5jb2RlX3RhZyI6InByb2ZpbGVfcGljLmRqYW5nby40ODcuYzIifQ&_nc_ht=instagram.fjog5-1.fna.fbcdn.net&_nc_cat=104&_nc_oc=Q6cZ2QGWFMiMbCIRiGrLFfBvIy_ilrMLPkCUl3Fnnn6a0-6DtDTRDZGi2eap1RMr8ieJL-M&_nc_ohc=3RmRnxOIAMYQ7kNvwGb9deu&_nc_gid=w6wllXqTCFBhLBoyC61SAQ&edm=AI-cjbYBAAAA&ccb=7-5&oh=00_AfSsu5PXUxMK6BHq4YBCUP7oswRBePjhT6QRdf7dbjNl9Q&oe=68916C0C&_nc_sid=0985b0";"😢";"8109358647";"latifahsingh"
"17887830000325406";"1753983559";"https://instagram.fjog5-1.fna.fbcdn.net/v/t51.2885-19/434965209_3527947984102119_8673299963263135204_n.jpg?stp=dst-jpg_s150x150_tt6&efg=eyJ2ZW5jb2RlX3RhZyI6InByb2ZpbGVfcGljLmRqYW5nby43OTAuYzIifQ&_nc_ht=instagram.fjog5-1.fna.fbcdn.net&_nc_cat=103&_nc_oc=Q6cZ2QGWFMiMbCIRiGrLFfBvIy_ilrMLPkCUl3Fnnn6a0-6DtDTRDZGi2eap1RMr8ieJL-M&_nc_ohc=_KJL1RCiMUQQ7kNvwGBK8mI&_nc_gid=w6wllXqTCFBhLBoyC61SAQ&edm=AI-cjbYBAAAA&ccb=7-5&oh=00_AfRzwk-bLu3M70cbov-I9Uatew0NEEMeHP29p3b3DQFkjA&oe=68916EB3&_nc_sid=0985b0";"Jatuhnya kok Makin kesini Kaya Pahlawan kesiangan ya?? yang seakan2 pengen di akuin oleh masyarakat??? dari mulai Case Tabung gas Terus Blokir PPATK Dan lain2 mungkin kedepannya";"11184385227";"keyko_ar"
"18057364577589223";"1753983576";"https://instagram.fjog5-1.fna.fbcdn.net/v/t51.2885-19/471871339_1143748223829370_2463384515239607658_n.jpg?stp=dst-jpg_s150x150_tt6&efg=eyJ2ZW5jb2RlX3RhZyI6InByb2ZpbGVfcGljLmRqYW5nby4xMDgwLmMyIn0&_nc_ht=instagram.fjog5-1.fna.fbcdn.net&_nc_cat=110&_nc_oc=Q6cZ2QGWFMiMbCIRiGrLFfBvIy_ilrMLPkCUl3Fnnn6a0-6DtDTRDZGi2eap1RMr8ieJL-M&_nc_ohc=_BXW62nCP_wQ7kNvwE3NTqv&_nc_gid=w6wllXqTCFBhLBoyC61SAQ&edm=AI-cjbYBAAAA&ccb=7-5&oh=00_AfReA5b11WK-yIiW5ipYdTOVTp6-9HQWWoWk6eSzp2qY5w&oe=68918E61&_nc_sid=0985b0";"@arham_2303 emg sus🤣";"3930514595";"ajulajung"
"18014904692580527";"1753983609";"https://instagram.fjog5-1.fna.fbcdn.net/v/t51.2885-19/463067992_1265813867934936_7752176280856482922_n.jpg?stp=dst-jpg_s150x150_tt6&efg=eyJ2ZW5jb2RlX3RhZyI6InByb2ZpbGVfcGljLmRqYW5nby4xMDgwLmMyIn0&_nc_ht=instagram.fjog5-1.fna.fbcdn.net&_nc_cat=100&_nc_oc=Q6cZ2QGWFMiMbCIRiGrLFfBvIy_ilrMLPkCUl3Fnnn6a0-6DtDTRDZGi2eap1RMr8ieJL-M&_nc_ohc=ff0wSorlWeUQ7kNvwF5a0bm&_nc_gid=w6wllXqTCFBhLBoyC61SAQ&edm=AI-cjbYBAAAA&ccb=7-5&oh=00_AfSMWNl_YlDURjDSwahCyhr1AB1pKLHZIWah3iF8XNML6w&oe=68918E0D&_nc_sid=0985b0";"Yuck!🤮";"4702561352";"sukm_4"
"18047692859558017";"1753983630";"https://instagram.fjog5-1.fna.fbcdn.net/v/t51.2885-19/494742527_18387976369137541_7708735140313367340_n.jpg?stp=dst-jpg_s150x150_tt6&efg=eyJ2ZW5jb2RlX3RhZyI6InByb2ZpbGVfcGljLmRqYW5nby4xMDgwLmMyIn0&_nc_ht=instagram.fjog5-1.fna.fbcdn.net&_nc_cat=101&_nc_oc=Q6cZ2QGWFMiMbCIRiGrLFfBvIy_ilrMLPkCUl3Fnnn6a0-6DtDTRDZGi2eap1RMr8ieJL-M&_nc_ohc=7e8jm7D_rd8Q7kNvwGdrgRM&_nc_gid=w6wllXqTCFBhLBoyC61SAQ&edm=AI-cjbYBAAAA&ccb=7-5&oh=00_AfStHtu4SCe5230LrI7HvRr1lrUcCV40bwIDMm2NyoR-Fg&oe=689177FA&_nc_sid=0985b0";"Pahlawan kesiangan si Wowo ikutin majikannya";"4268961540";"dadanzuhdan"
"18067834709154168";"1753983655";"https://instagram.fjog5-1.fna.fbcdn.net/v/t51.2885-19/485279925_1368712791215649_2784259310466548162_n.jpg?stp=dst-jpg_s150x150_tt6&efg=eyJ2ZW5jb2RlX3RhZyI6InByb2ZpbGVfcGljLmRqYW5nby4xMDgwLmMyIn0&_nc_ht=instagram.fjog5-1.fna.fbcdn.net&_nc_cat=109&_nc_oc=Q6cZ2QGWFMiMbCIRiGrLFfBvIy_ilrMLPkCUl3Fnnn6a0-6DtDTRDZGi2eap1RMr8ieJL-M&_nc_ohc=yGkgMJwLZSAQ7kNvwFUPTfe&_nc_gid=w6wllXqTCFBhLBoyC61SAQ&edm=AI-cjbYBAAAA&ccb=7-5&oh=00_AfQIqDmqBhBAKyy7vzmJxkBS5qwY8HRvhSES05ixMTmQyA&oe=689179D5&_nc_sid=0985b0";"Fyi guys dengan pemberian abolisi kepada Tom Lembong, beliau kehilangan peluang untuk mengajukan banding atau pembuktian tidak bersalah karena proses hukum sudah dihentikan. Sehingga di 'mata hukum', Tom Lembong tetap bersalah walaupun tidak dipenjarakan dan tetap mengemban status
'mantan pejabat terpidana korupsi. Yaa... ngerti lah arahnya kemana";"1567817246";"nblhslm"
"18072632975068605";"1753983725";"https://instagram.fjog5-1.fna.fbcdn.net/v/t51.2885-19/366927873_1444143103102134_8723064982798136869_n.jpg?stp=dst-jpg_s150x150_tt6&efg=eyJ2ZW5jb2RlX3RhZyI6InByb2ZpbGVfcGljLmRqYW5nby4xMDgwLmMyIn0&_nc_ht=instagram.fjog5-1.fna.fbcdn.net&_nc_cat=106&_nc_oc=Q6cZ2QGWFMiMbCIRiGrLFfBvIy_ilrMLPkCUl3Fnnn6a0-6DtDTRDZGi2eap1RMr8ieJL-M&_nc_ohc=aruOzYEwhMYQ7kNvwG4tA8X&_nc_gid=w6wllXqTCFBhLBoyC61SAQ&edm=AI-cjbYBAAAA&ccb=7-5&oh=00_AfTRRzBpAuGGqPxOmWDcu_zfaaVc6NJhm3P6YgHgqR5TSw&oe=68917F95&_nc_sid=0985b0";"@agoess.ptm loh siapa yg ngomong pak😂";"4903945095";"ghazyrizqir"
"18105740170487980";"1753983766";"https://instagram.fjga1-1.fna.fbcdn.net/v/t51.2885-19/464760996_1254146839119862_3605321457742435801_n.png?stp=dst-jpg_e0_s150x150_tt6&cb=8577c754-c2464923&efg=eyJ2ZW5jb2RlX3RhZyI6InByb2ZpbGVfcGljLmRqYW5nby4xNTAuYzIifQ&_nc_ht=instagram.fjga1-1.fna.fbcdn.net&_nc_cat=1&_nc_oc=Q6cZ2QGIX97khMhOpSlRtU-7qkIX6bh9z0B9virKljiSyuiBextaLTiGmF1JIYNtUMS1qUp0mP1sQD-1xJHLaBc7Mxfb&_nc_ohc=cmGW-gSOmkoQ7kNvwF__H4f&_nc_gid=nEPq4m_XpfVL7QtU8kpYOA&edm=AA0lj5EBAAAA&ccb=7-5&ig_cache_key=YW5vbnltb3VzX3Byb2ZpbGVfcGlj.3-ccb7-5-cb8577c754-c2464923&oh=00_AfRzkEzdJZv-9n_xoj5SVaMGKPas0JADvDNhpDOKxhKhsg&oe=689174E8&_nc_sid=0a490e";"@surya.dk_ padahal jelas beda jalur. Belajar trias politica gak mas?";"42028935898";"arahoop_"
"18066062398947218";"1753983902";"https://instagram.fjog5-1.fna.fbcdn.net/v/t51.2885-19/483376394_3007570106085596_1628637018886182275_n.jpg?stp=dst-jpg_s150x150_tt6&efg=eyJ2ZW5jb2RlX3RhZyI6InByb2ZpbGVfcGljLmRqYW5nby4xMDgwLmMyIn0&_nc_ht=instagram.fjog5-1.fna.fbcdn.net&_nc_cat=108&_nc_oc=Q6cZ2QGWFMiMbCIRiGrLFfBvIy_ilrMLPkCUl3Fnnn6a0-6DtDTRDZGi2eap1RMr8ieJL-M&_nc_ohc=l1zSzaBkLe0Q7kNvwEhsrpn&_nc_gid=w6wllXqTCFBhLBoyC61SAQ&edm=AI-cjbYBAAAA&ccb=7-5&oh=00_AfQcGRq8ZKwlYkQufZV7shAAfYfARNiwtjUS_061qXgrcA&oe=68916CA6&_nc_sid=0985b0";"Seperti biasa 😎 agar terlihat seperti pahlawan hahaha , ga abis abis gimmick nya";"2014240809";"anjiwwwe"
"18067286015164857";"1753983910";"https://instagram.fjog5-1.fna.fbcdn.net/v/t51.2885-19/331022031_243162744703706_5165205413088355267_n.jpg?stp=dst-jpg_s150x150_tt6&efg=eyJ2ZW5jb2RlX3RhZyI6InByb2ZpbGVfcGljLmRqYW5nby42OTkuYzIifQ&_nc_ht=instagram.fjog5-1.fna.fbcdn.net&_nc_cat=102&_nc_oc=Q6cZ2QGWFMiMbCIRiGrLFfBvIy_ilrMLPkCUl3Fnnn6a0-6DtDTRDZGi2eap1RMr8ieJL-M&_nc_ohc=ZXM1mnq2TKUQ7kNvwFVDekK&_nc_gid=w6wllXqTCFBhLBoyC61SAQ&edm=AI-cjbYBAAAA&ccb=7-5&oh=00_AfQcDi7r6UF7JoSBYMJJwxFkx79FhQsKesqymtrhIeVs5g&oe=6891852F&_nc_sid=0985b0";"😂😂😂😂";"3097257289";"mr.goodnightt2"
"17938521543046385";"1753983912";"https://instagram.fjog5-1.fna.fbcdn.net/v/t51.2885-19/481849518_1678054793146441_6659674325487293974_n.jpg?stp=dst-jpg_s150x150_tt6&efg=eyJ2ZW5jb2RlX3RhZyI6InByb2ZpbGVfcGljLmRqYW5nby4xMDgwLmMyIn0&_nc_ht=instagram.fjog5-1.fna.fbcdn.net&_nc_cat=101&_nc_oc=Q6cZ2QGWFMiMbCIRiGrLFfBvIy_ilrMLPkCUl3Fnnn6a0-6DtDTRDZGi2eap1RMr8ieJL-M&_nc_ohc=Hemno0-7wOAQ7kNvwGL-HWu&_nc_gid=w6wllXqTCFBhLBoyC61SAQ&edm=AI-cjbYBAAAA&ccb=7-5&oh=00_AfSApkCnyS3OZuG2VU17rLs2OK1T6B5daxRaV1MKAep28g&oe=68918310&_nc_sid=0985b0";"As always Prabowo main pahlawan2an👏";"8777265000";"k_i__k_ii"
"18057304439087016";"1753983973";"https://instagram.fjog5-1.fna.fbcdn.net/v/t51.2885-19/472533572_950497593655083_8970136281159406771_n.jpg?stp=dst-jpg_s150x150_tt6&efg=eyJ2ZW5jb2RlX3RhZyI6InByb2ZpbGVfcGljLmRqYW5nby4xMDgwLmMyIn0&_nc_ht=instagram.fjog5-1.fna.fbcdn.net&_nc_cat=103&_nc_oc=Q6cZ2QGWFMiMbCIRiGrLFfBvIy_ilrMLPkCUl3Fnnn6a0-6DtDTRDZGi2eap1RMr8ieJL-M&_nc_ohc=nXIYhgyw15UQ7kNvwHi8VFD&_nc_gid=w6wllXqTCFBhLBoyC61SAQ&edm=AI-cjbYBAAAA&ccb=7-5&oh=00_AfRe9Yr-TLUo2cAuO-8tF5MBln6xnGTdt5ATfZWbBc5Nrg&oe=68916997&_nc_sid=0985b0";"Sudah kudugong";"51143377975";"diahmfida"
"17915189430039114";"1753984159";"https://instagram.fjog5-1.fna.fbcdn.net/v/t51.2885-19/504238736_18457776835074021_3698525620188661855_n.jpg?stp=dst-jpg_s150x150_tt6&efg=eyJ2ZW5jb2RlX3RhZyI6InByb2ZpbGVfcGljLmRqYW5nby4xMDgwLmMyIn0&_nc_ht=instagram.fjog5-1.fna.fbcdn.net&_nc_cat=109&_nc_oc=Q6cZ2QGWFMiMbCIRiGrLFfBvIy_ilrMLPkCUl3Fnnn6a0-6DtDTRDZGi2eap1RMr8ieJL-M&_nc_ohc=QMLjm79rL-MQ7kNvwFbayEv&_nc_gid=w6wllXqTCFBhLBoyC61SAQ&edm=AI-cjbYBAAAA&ccb=7-5&oh=00_AfSNDlGiMdzKLQjdzTdio3ugwWHK-zvsNQzyPd94yQHleA&oe=68919A18&_nc_sid=0985b0";"Pahlawan kesiangan gapernah solat subuh pasti😡";"2175834020";"regentleonard_"
"17989080590828196";"1753984234";"https://instagram.fjog5-1.fna.fbcdn.net/v/t51.2885-19/501532987_18055222121209828_852320148923156582_n.jpg?stp=dst-jpg_s150x150_tt6&efg=eyJ2ZW5jb2RlX3RhZyI6InByb2ZpbGVfcGljLmRqYW5nby4xMDgwLmMyIn0&_nc_ht=instagram.fjog5-1.fna.fbcdn.net&_nc_cat=104&_nc_oc=Q6cZ2QGWFMiMbCIRiGrLFfBvIy_ilrMLPkCUl3Fnnn6a0-6DtDTRDZGi2eap1RMr8ieJL-M&_nc_ohc=Qh4krV_Qo2oQ7kNvwHw86q3&_nc_gid=w6wllXqTCFBhLBoyC61SAQ&edm=AI-cjbYBAAAA&ccb=7-5&oh=00_AfSmibEQtF7F0Z186yY9MTqxfWbCNWeMFLZ-71dFAWxbTA&oe=68916E57&_nc_sid=0985b0";"ada tindakan di hina, gada tindakan dihina juga 😂 jdnya mau apa?";"36425625827";"ibu2ojol"
"17881804176358762";"1753984449";"https://instagram.fjog5-1.fna.fbcdn.net/v/t51.2885-19/479488229_1263902208016479_5622682982137162227_n.jpg?stp=dst-jpg_s150x150_tt6&efg=eyJ2ZW5jb2RlX3RhZyI6InByb2ZpbGVfcGljLmRqYW5nby4xMDUwLmMyIn0&_nc_ht=instagram.fjog5-1.fna.fbcdn.net&_nc_cat=103&_nc_oc=Q6cZ2QGWFMiMbCIRiGrLFfBvIy_ilrMLPkCUl3Fnnn6a0-6DtDTRDZGi2eap1RMr8ieJL-M&_nc_ohc=Xmg6vp-LimMQ7kNvwH_7qkK&_nc_gid=w6wllXqTCFBhLBoyC61SAQ&edm=AI-cjbYBAAAA&ccb=7-5&oh=00_AfTccTQplKRMKxWvmO1JBUnhuHC4LbSTQ844T3zIHk0rFg&oe=68916C81&_nc_sid=0985b0";"MAIN PAHLAWAN2NAN 🔥🔥🔥";"2057398898";"rizkydimasprayogi"
"17939262395920960";"1753984473";"https://instagram.fjog5-1.fna.fbcdn.net/v/t51.2885-19/75208816_521586988397984_6692083810567192576_n.jpg?stp=dst-jpg_s150x150_tt6&efg=eyJ2ZW5jb2RlX3RhZyI6InByb2ZpbGVfcGljLmRqYW5nby43MjAuYzIifQ&_nc_ht=instagram.fjog5-1.fna.fbcdn.net&_nc_cat=108&_nc_oc=Q6cZ2QGWFMiMbCIRiGrLFfBvIy_ilrMLPkCUl3Fnnn6a0-6DtDTRDZGi2eap1RMr8ieJL-M&_nc_ohc=8W8OmKIXih8Q7kNvwHP0ZVV&_nc_gid=w6wllXqTCFBhLBoyC61SAQ&edm=AI-cjbYBAAAA&ccb=7-5&oh=00_AfR2akLjYELBUnluD1fZB5HxE_DFhFGKerfhjTHPErPa6A&oe=68916B7E&_nc_sid=0985b0";"Saya g setuju yg salah dibebaskan...kalau mau adil bebas kan semua...kosong kan lapas....kecewa saya pak";"14976821918";"_234iku"
"17868101013422779";"1753984517";"https://instagram.fjog5-1.fna.fbcdn.net/v/t51.2885-19/75616360_429294911070697_3822893378773712896_n.jpg?stp=dst-jpg_s150x150_tt6&efg=eyJ2ZW5jb2RlX3RhZyI6InByb2ZpbGVfcGljLmRqYW5nby4xMDgwLmMyIn0&_nc_ht=instagram.fjog5-1.fna.fbcdn.net&_nc_cat=101&_nc_oc=Q6cZ2QGWFMiMbCIRiGrLFfBvIy_ilrMLPkCUl3Fnnn6a0-6DtDTRDZGi2eap1RMr8ieJL-M&_nc_ohc=IdTa3T73XG4Q7kNvwFO03ca&_nc_gid=w6wllXqTCFBhLBoyC61SAQ&edm=AI-cjbYBAAAA&ccb=7-5&oh=00_AfRDgUPNRQvEA2uJ142FJFUfTZupiiVjsO41Ds9Rxf-WYQ&oe=68918A82&_nc_sid=0985b0";"Tauk ah capek";"2090534234";"anggoroptra_"
"17852868522458356";"1753984596";"https://instagram.fjog5-1.fna.fbcdn.net/v/t51.2885-19/469741703_2313290549050573_4263349836071138602_n.jpg?stp=dst-jpg_s150x150_tt6&efg=eyJ2ZW5jb2RlX3RhZyI6InByb2ZpbGVfcGljLmRqYW5nby4xMDgwLmMyIn0&_nc_ht=instagram.fjog5-1.fna.fbcdn.net&_nc_cat=101&_nc_oc=Q6cZ2QGWFMiMbCIRiGrLFfBvIy_ilrMLPkCUl3Fnnn6a0-6DtDTRDZGi2eap1RMr8ieJL-M&_nc_ohc=4beWARnQE-EQ7kNvwHCw9nf&_nc_gid=w6wllXqTCFBhLBoyC61SAQ&edm=AI-cjbYBAAAA&ccb=7-5&oh=00_AfSqIrM1GMN4UpgiyonNXmVoDSzwcyJR2VX9IATws99GTA&oe=689188F3&_nc_sid=0985b0";"kid : mom, can we get homelander?
son : nah, son. we already got one at home
homelander at home :";"10809824542";"zurigatoru"
"18046503464298519";"1753984648";"https://instagram.fjog5-1.fna.fbcdn.net/v/t51.2885-19/476303371_636119042427275_8161879048565823340_n.jpg?stp=dst-jpg_s150x150_tt6&efg=eyJ2ZW5jb2RlX3RhZyI6InByb2ZpbGVfcGljLmRqYW5nby4xMDgwLmMyIn0&_nc_ht=instagram.fjog5-1.fna.fbcdn.net&_nc_cat=111&_nc_oc=Q6cZ2QGWFMiMbCIRiGrLFfBvIy_ilrMLPkCUl3Fnnn6a0-6DtDTRDZGi2eap1RMr8ieJL-M&_nc_ohc=X90PQRN7hAMQ7kNvwGBks8z&_nc_gid=w6wllXqTCFBhLBoyC61SAQ&edm=AI-cjbYBAAAA&ccb=7-5&oh=00_AfTaHfBgmH04M-aUhmrdRCTzUMxM8JvHG9eT2XWwwWelpw&oe=68919157&_nc_sid=0985b0";"Ada sesuatu yg pasti "ditukar"";"258662380";"dimasrw24"
"18056727797600333";"1753984695";"https://instagram.fjog5-1.fna.fbcdn.net/v/t51.2885-19/521537074_18072274460020769_902312859006088376_n.jpg?stp=dst-jpg_s150x150_tt6&efg=eyJ2ZW5jb2RlX3RhZyI6InByb2ZpbGVfcGljLmRqYW5nby4xMDgwLmMyIn0&_nc_ht=instagram.fjog5-1.fna.fbcdn.net&_nc_cat=105&_nc_oc=Q6cZ2QGWFMiMbCIRiGrLFfBvIy_ilrMLPkCUl3Fnnn6a0-6DtDTRDZGi2eap1RMr8ieJL-M&_nc_ohc=w9UvjdyzU9oQ7kNvwHXJ6De&_nc_gid=w6wllXqTCFBhLBoyC61SAQ&edm=AI-cjbYBAAAA&ccb=7-5&oh=00_AfSMPHfkw29L3uGoZknNOubxBZXwyzRxqYoINQwXhJrIcA&oe=68917DEF&_nc_sid=0985b0";"Kenapa si potonya harus dari atas kek potohokie gtu😢";"30576844768";"_pipity"
"18076075430494990";"1753984761";"https://instagram.fjog5-1.fna.fbcdn.net/v/t51.2885-19/481877503_1686477078949425_4452794722469232769_n.jpg?stp=dst-jpg_s150x150_tt6&efg=eyJ2ZW5jb2RlX3RhZyI6InByb2ZpbGVfcGljLmRqYW5nby4xMDgwLmMyIn0&_nc_ht=instagram.fjog5-1.fna.fbcdn.net&_nc_cat=109&_nc_oc=Q6cZ2QGWFMiMbCIRiGrLFfBvIy_ilrMLPkCUl3Fnnn6a0-6DtDTRDZGi2eap1RMr8ieJL-M&_nc_ohc=zNmvZNq3F6kQ7kNvwHsz_pf&_nc_gid=w6wllXqTCFBhLBoyC61SAQ&edm=AI-cjbYBAAAA&ccb=7-5&oh=00_AfQW-HBBlDxcoHpztarZZiBBn7KBhlSbDC9xB6LnVuOaBg&oe=689198F2&_nc_sid=0985b0";"Baru minum kopi nih, langsung jadi pahlawan";"1799182246";"arqimhmmd"
"17979035693857175";"1753984864";"https://instagram.fjog5-1.fna.fbcdn.net/v/t51.2885-19/473431175_1011128977727319_3819160109452051711_n.jpg?stp=dst-jpg_s150x150_tt6&efg=eyJ2ZW5jb2RlX3RhZyI6InByb2ZpbGVfcGljLmRqYW5nby43MzYuYzIifQ&_nc_ht=instagram.fjog5-1.fna.fbcdn.net&_nc_cat=103&_nc_oc=Q6cZ2QGWFMiMbCIRiGrLFfBvIy_ilrMLPkCUl3Fnnn6a0-6DtDTRDZGi2eap1RMr8ieJL-M&_nc_ohc=fgSpjlsj0XAQ7kNvwGH-xAe&_nc_gid=w6wllXqTCFBhLBoyC61SAQ&edm=AI-cjbYBAAAA&ccb=7-5&oh=00_AfSxekM0l8UYhWzge_0RBHQq7F-lqNbNjKMc2MtV3UpGsQ&oe=689190DD&_nc_sid=0985b0";"mulai lagi main pahlawan pahlawannya wkwk";"53601888942";"yourchezz"
"18130077343445090";"1753984905";"https://instagram.fjog5-1.fna.fbcdn.net/v/t51.2885-19/31047143_241516259757846_3804459980434702336_n.jpg?stp=dst-jpg_s150x150_tt6&efg=eyJ2ZW5jb2RlX3RhZyI6InByb2ZpbGVfcGljLmRqYW5nby40NjMuYzIifQ&_nc_ht=instagram.fjog5-1.fna.fbcdn.net&_nc_cat=106&_nc_oc=Q6cZ2QGWFMiMbCIRiGrLFfBvIy_ilrMLPkCUl3Fnnn6a0-6DtDTRDZGi2eap1RMr8ieJL-M&_nc_ohc=ADvtubxTmhAQ7kNvwGVJA_x&_nc_gid=w6wllXqTCFBhLBoyC61SAQ&edm=AI-cjbYBAAAA&ccb=7-5&oh=00_AfTRnYyNbAU8KkipOQQQ0Jksc9iXrzKoszq46XdDKGFQUQ&oe=689183FE&_nc_sid=0985b0";"@amarawindari wih ilmu up";"2150864437";"erdisaepuloh21"
"18073776713482144";"1753985173";"https://instagram.fjog5-1.fna.fbcdn.net/v/t51.2885-19/494949444_18060161699169229_9069415059652549688_n.jpg?stp=dst-jpg_s150x150_tt6&efg=eyJ2ZW5jb2RlX3RhZyI6InByb2ZpbGVfcGljLmRqYW5nby4xMDgwLmMyIn0&_nc_ht=instagram.fjog5-1.fna.fbcdn.net&_nc_cat=101&_nc_oc=Q6cZ2QGWFMiMbCIRiGrLFfBvIy_ilrMLPkCUl3Fnnn6a0-6DtDTRDZGi2eap1RMr8ieJL-M&_nc_ohc=pH_fVfPh-X8Q7kNvwFFWKbE&_nc_gid=w6wllXqTCFBhLBoyC61SAQ&edm=AI-cjbYBAAAA&ccb=7-5&oh=00_AfREDQ4eBB2qIEpIJSkTNxkKVpp_zzfJkFTzNZmzu5xsIA&oe=68917456&_nc_sid=0985b0";"Sedang memperbaiki cirtranya sendiri😂";"35142369228";"_stressbarkerr"
"17941863087029661";"1753979830";"https://instagram.fjog5-1.fna.fbcdn.net/v/t51.2885-19/512464076_18514871950063262_8050377793546578299_n.jpg?stp=dst-jpg_s150x150_tt6&efg=eyJ2ZW5jb2RlX3RhZyI6InByb2ZpbGVfcGljLmRqYW5nby4xMDgwLmMyIn0&_nc_ht=instagram.fjog5-1.fna.fbcdn.net&_nc_cat=102&_nc_oc=Q6cZ2QGMQSA3eTDydLGAWGqru-4qS__0fcLNIzwJOOVN0C7Pg5CQAp9SSikuuxMBeunr21I&_nc_ohc=pNuq4hksdroQ7kNvwGHbCKb&_nc_gid=OH6w5-9JS37TJDRdgJ4P4A&edm=AI-cjbYBAAAA&ccb=7-5&oh=00_AfQKVJxUin8Rtp93etc-qhjmwHhQH1hjXTbiJYVcIq3XpA&oe=689194F0&_nc_sid=0985b0";"iyaakaah";"1901695261";"chaterine_etin"
"17915424960035848";"1753979849";"https://instagram.fjog5-1.fna.fbcdn.net/v/t51.2885-19/441470514_1356846014953166_6982208526476711443_n.jpg?stp=dst-jpg_s150x150_tt6&efg=eyJ2ZW5jb2RlX3RhZyI6InByb2ZpbGVfcGljLmRqYW5nby4zMjAuYzIifQ&_nc_ht=instagram.fjog5-1.fna.fbcdn.net&_nc_cat=102&_nc_oc=Q6cZ2QGMQSA3eTDydLGAWGqru-4qS__0fcLNIzwJOOVN0C7Pg5CQAp9SSikuuxMBeunr21I&_nc_ohc=7ML5QAZF4uUQ7kNvwFwxKwd&_nc_gid=OH6w5-9JS37TJDRdgJ4P4A&edm=AI-cjbYBAAAA&ccb=7-5&oh=00_AfTLIw_GI0tzU7eneYLb3RV93Pjq0JTcE2uWZMALA9MKMw&oe=68918E90&_nc_sid=0985b0";"Wkwkwk 🤣 belaga ingin disebut pahlawan kah?🙈";"3919754468";"rizqydayat_26"
"18082078591885996";"1753979849";"https://instagram.fjog5-1.fna.fbcdn.net/v/t51.2885-19/470095882_584081427897981_6763860449508396585_n.jpg?stp=dst-jpg_s150x150_tt6&efg=eyJ2ZW5jb2RlX3RhZyI6InByb2ZpbGVfcGljLmRqYW5nby4xMDgwLmMyIn0&_nc_ht=instagram.fjog5-1.fna.fbcdn.net&_nc_cat=109&_nc_oc=Q6cZ2QGMQSA3eTDydLGAWGqru-4qS__0fcLNIzwJOOVN0C7Pg5CQAp9SSikuuxMBeunr21I&_nc_ohc=x6-jtY-zB-QQ7kNvwEQ917_&_nc_gid=OH6w5-9JS37TJDRdgJ4P4A&edm=AI-cjbYBAAAA&ccb=7-5&oh=00_AfR-12WNyW26GVlcwdq4o_UWMBBOO7LwVQA6acU9uN2p7Q&oe=689171A2&_nc_sid=0985b0";"Superwowo sang pahlawan kesiangan ✊";"15235512329";"surya.dk_"
"18054772907418296";"1753979860";"https://instagram.fjog5-1.fna.fbcdn.net/v/t51.2885-19/167205618_724818301735393_7771888162170231963_n.jpg?stp=dst-jpg_s150x150_tt6&efg=eyJ2ZW5jb2RlX3RhZyI6InByb2ZpbGVfcGljLmRqYW5nby41MDAuYzIifQ&_nc_ht=instagram.fjog5-1.fna.fbcdn.net&_nc_cat=101&_nc_oc=Q6cZ2QGMQSA3eTDydLGAWGqru-4qS__0fcLNIzwJOOVN0C7Pg5CQAp9SSikuuxMBeunr21I&_nc_ohc=tZkoma4A5VIQ7kNvwGN8Lqi&_nc_gid=OH6w5-9JS37TJDRdgJ4P4A&edm=AI-cjbYBAAAA&ccb=7-5&oh=00_AfSKM2BjwdQEwbZJ6T1HEoKGf3eac9UqdKpLu7P7fRTrnQ&oe=68916F7C&_nc_sid=0985b0";"@edoartjoel info link jadi buzzer bng, mau daftar juga";"25971853740";"fcrmaula"
"18062571562993876";"1753979881";"https://instagram.fjog5-1.fna.fbcdn.net/v/t51.2885-19/480013404_1073406757887499_8254746988779721813_n.jpg?stp=dst-jpg_s150x150_tt6&efg=eyJ2ZW5jb2RlX3RhZyI6InByb2ZpbGVfcGljLmRqYW5nby4xMDgwLmMyIn0&_nc_ht=instagram.fjog5-1.fna.fbcdn.net&_nc_cat=107&_nc_oc=Q6cZ2QGMQSA3eTDydLGAWGqru-4qS__0fcLNIzwJOOVN0C7Pg5CQAp9SSikuuxMBeunr21I&_nc_ohc=2mi8nYZCxCUQ7kNvwHQ-AY9&_nc_gid=OH6w5-9JS37TJDRdgJ4P4A&edm=AI-cjbYBAAAA&ccb=7-5&oh=00_AfRhvmG4MEAvs6kqQcz1oaePasJakzkN8pMn67uLdQtDtw&oe=689193B4&_nc_sid=0985b0";"Klok baca judulnya terlihat seperti pahlawan memang TAPI kenyataanya 😢 alih alih mengungkap kebenaran malah di kubur semua termasuk fakta faktanya 😅";"3243496443";"revi.mutiara"
"18065128505236848";"1753979906";"https://instagram.fjog5-1.fna.fbcdn.net/v/t51.2885-19/521972079_17908154184229027_1437662349702946220_n.jpg?stp=dst-jpg_s150x150_tt6&efg=eyJ2ZW5jb2RlX3RhZyI6InByb2ZpbGVfcGljLmRqYW5nby4xMDgwLmMyIn0&_nc_ht=instagram.fjog5-1.fna.fbcdn.net&_nc_cat=107&_nc_oc=Q6cZ2QGMQSA3eTDydLGAWGqru-4qS__0fcLNIzwJOOVN0C7Pg5CQAp9SSikuuxMBeunr21I&_nc_ohc=zmn3vpE-kuQQ7kNvwEHq6Uo&_nc_gid=OH6w5-9JS37TJDRdgJ4P4A&edm=AI-cjbYBAAAA&ccb=7-5&oh=00_AfTZqTIYFsfmOg2uso6uHAnA7m91u-6PjJ1fpWseztC4GQ&oe=68919483&_nc_sid=0985b0";"@mhdthoyib_ kan ahlinya 😂😂😂😂";"66864253026";"pt.gracelicious"
"18066328634328583";"1753979912";"https://instagram.fjog5-1.fna.fbcdn.net/v/t51.2885-19/471916168_1264889738055287_1305910528727859570_n.jpg?stp=dst-jpg_s150x150_tt6&efg=eyJ2ZW5jb2RlX3RhZyI6InByb2ZpbGVfcGljLmRqYW5nby44MjguYzIifQ&_nc_ht=instagram.fjog5-1.fna.fbcdn.net&_nc_cat=111&_nc_oc=Q6cZ2QGMQSA3eTDydLGAWGqru-4qS__0fcLNIzwJOOVN0C7Pg5CQAp9SSikuuxMBeunr21I&_nc_ohc=CNPOYxakqlQQ7kNvwExqx7f&_nc_gid=OH6w5-9JS37TJDRdgJ4P4A&edm=AI-cjbYBAAAA&ccb=7-5&oh=00_AfTdgCeOIj2KhdcjvkvQLTBHogiCtpqTP_l2_8qyue2O3A&oe=68919550&_nc_sid=0985b0";"wkwk";"30884728536";"daffahairu_"
"18066036083179659";"1753979952";"https://instagram.fjog5-1.fna.fbcdn.net/v/t51.2885-19/472005110_592744953708023_870721609131888335_n.jpg?stp=dst-jpg_s150x150_tt6&efg=eyJ2ZW5jb2RlX3RhZyI6InByb2ZpbGVfcGljLmRqYW5nby4xMDgwLmMyIn0&_nc_ht=instagram.fjog5-1.fna.fbcdn.net&_nc_cat=111&_nc_oc=Q6cZ2QGMQSA3eTDydLGAWGqru-4qS__0fcLNIzwJOOVN0C7Pg5CQAp9SSikuuxMBeunr21I&_nc_ohc=7eQ5XlchWyQQ7kNvwF7-xnH&_nc_gid=OH6w5-9JS37TJDRdgJ4P4A&edm=AI-cjbYBAAAA&ccb=7-5&oh=00_AfT1d2SdtOVMPHnUjlLV9qWVFDW8AlzkiMAHti42u1gGBw&oe=689168CD&_nc_sid=0985b0";"Terlepas dari itu fotonya keren";"47680948961";"fadhlan_alan._"
"17979338561734353";"1753979977";"https://instagram.fjog5-1.fna.fbcdn.net/v/t51.2885-19/397397254_158510417343267_3497507109733350019_n.jpg?stp=dst-jpg_s150x150_tt6&efg=eyJ2ZW5jb2RlX3RhZyI6InByb2ZpbGVfcGljLmRqYW5nby45MDQuYzIifQ&_nc_ht=instagram.fjog5-1.fna.fbcdn.net&_nc_cat=103&_nc_oc=Q6cZ2QGMQSA3eTDydLGAWGqru-4qS__0fcLNIzwJOOVN0C7Pg5CQAp9SSikuuxMBeunr21I&_nc_ohc=fuVWqM2XJiUQ7kNvwHdc-VS&_nc_gid=OH6w5-9JS37TJDRdgJ4P4A&edm=AI-cjbYBAAAA&ccb=7-5&oh=00_AfQhewi91rCnhaQa3h13o2nTemSI61UGyAkmjOQLvs8RRw&oe=6891696F&_nc_sid=0985b0";"@sudden.absence dia siapa ?";"1548541565";"gibariz"
"18075024706985279";"1753980001";"https://instagram.fjog5-1.fna.fbcdn.net/v/t51.2885-19/119069929_170432234653693_73650252628230088_n.jpg?stp=dst-jpg_s150x150_tt6&efg=eyJ2ZW5jb2RlX3RhZyI6InByb2ZpbGVfcGljLmRqYW5nby4xMDgwLmMyIn0&_nc_ht=instagram.fjog5-1.fna.fbcdn.net&_nc_cat=1&_nc_oc=Q6cZ2QGMQSA3eTDydLGAWGqru-4qS__0fcLNIzwJOOVN0C7Pg5CQAp9SSikuuxMBeunr21I&_nc_ohc=alE9T5NZ7q8Q7kNvwESmrfe&_nc_gid=OH6w5-9JS37TJDRdgJ4P4A&edm=AI-cjbYBAAAA&ccb=7-5&oh=00_AfQEQcdvEbpveqmJ8eP4R_UAzroi0TC4Zho771Q52RjRcw&oe=68919BA2&_nc_sid=0985b0";"";"8574279323";"aditia.aps"
"18171568756352352";"1753980016";"https://instagram.fjog5-1.fna.fbcdn.net/v/t51.2885-19/462715098_1579351149632248_1800956563150598570_n.jpg?stp=dst-jpg_s150x150_tt6&efg=eyJ2ZW5jb2RlX3RhZyI6InByb2ZpbGVfcGljLmRqYW5nby43NTAuYzIifQ&_nc_ht=instagram.fjog5-1.fna.fbcdn.net&_nc_cat=104&_nc_oc=Q6cZ2QGMQSA3eTDydLGAWGqru-4qS__0fcLNIzwJOOVN0C7Pg5CQAp9SSikuuxMBeunr21I&_nc_ohc=VSj9j6djiBgQ7kNvwF7GEh-&_nc_gid=OH6w5-9JS37TJDRdgJ4P4A&edm=AI-cjbYBAAAA&ccb=7-5&oh=00_AfQ5z5CXZGgePYcDMQnzMi4Pxn3SpysGs5pthk8wMsvRDw&oe=68918E41&_nc_sid=0985b0";"Tuntut balik psk @tomlembong mulai dari jaksa n hakimnya diusut pak";"44694520228";"ronysyzebua"
"17957796836828516";"1753980121";"https://instagram.fjog5-1.fna.fbcdn.net/v/t51.2885-19/475562127_4002177690004213_3708952280021492202_n.jpg?stp=dst-jpg_s150x150_tt6&efg=eyJ2ZW5jb2RlX3RhZyI6InByb2ZpbGVfcGljLmRqYW5nby45NzAuYzIifQ&_nc_ht=instagram.fjog5-1.fna.fbcdn.net&_nc_cat=101&_nc_oc=Q6cZ2QGMQSA3eTDydLGAWGqru-4qS__0fcLNIzwJOOVN0C7Pg5CQAp9SSikuuxMBeunr21I&_nc_ohc=g3PAeQGGgt8Q7kNvwGq4U7N&_nc_gid=OH6w5-9JS37TJDRdgJ4P4A&edm=AI-cjbYBAAAA&ccb=7-5&oh=00_AfTsgsPxz3G-tmVhmGZUA24SaG_OUibsuC7d_F1wQtPq1Q&oe=68917415&_nc_sid=0985b0";"❤️🔥🇲🇨🇲🇨";"2183897923";"vidiansyahvd"
"18513902101031527";"1753980199";"https://instagram.fjog5-1.fna.fbcdn.net/v/t51.2885-19/524385730_18072558971003259_3303253739220757993_n.jpg?stp=dst-jpg_s150x150_tt6&efg=eyJ2ZW5jb2RlX3RhZyI6InByb2ZpbGVfcGljLmRqYW5nby4xMDgwLmMyIn0&_nc_ht=instagram.fjog5-1.fna.fbcdn.net&_nc_cat=103&_nc_oc=Q6cZ2QGMQSA3eTDydLGAWGqru-4qS__0fcLNIzwJOOVN0C7Pg5CQAp9SSikuuxMBeunr21I&_nc_ohc=Qxlvzi8VUVEQ7kNvwEtKG9v&_nc_gid=OH6w5-9JS37TJDRdgJ4P4A&edm=AI-cjbYBAAAA&ccb=7-5&oh=00_AfSrZipyWCHDzaswp_AJcYxclTpmKzgC-xnSJKayfuhmRQ&oe=68916C21&_nc_sid=0985b0";"pgn dikata";"30027723258";"nhseptiyana"
"18022190630720342";"1753980237";"https://instagram.fjog5-1.fna.fbcdn.net/v/t51.2885-19/501229100_18166724545342227_9208157942571651564_n.jpg?stp=dst-jpg_s150x150_tt6&efg=eyJ2ZW5jb2RlX3RhZyI6InByb2ZpbGVfcGljLmRqYW5nby4xMDgwLmMyIn0&_nc_ht=instagram.fjog5-1.fna.fbcdn.net&_nc_cat=103&_nc_oc=Q6cZ2QGMQSA3eTDydLGAWGqru-4qS__0fcLNIzwJOOVN0C7Pg5CQAp9SSikuuxMBeunr21I&_nc_ohc=QHwNxzrgOzcQ7kNvwFDjobO&_nc_gid=OH6w5-9JS37TJDRdgJ4P4A&edm=AI-cjbYBAAAA&ccb=7-5&oh=00_AfR9Phqb-Y7w26MXoYRBZUfkncPyYhn_GP1oJr8QdmcptQ&oe=68918478&_nc_sid=0985b0";"Well well well😹😹";"10191670226";"nisavierne"
"18055411892119070";"1753980263";"https://instagram.fjog5-1.fna.fbcdn.net/v/t51.2885-19/515067481_18033273164652920_2099347627991447765_n.jpg?stp=dst-jpg_s150x150_tt6&efg=eyJ2ZW5jb2RlX3RhZyI6InByb2ZpbGVfcGljLmRqYW5nby4xMDgwLmMyIn0&_nc_ht=instagram.fjog5-1.fna.fbcdn.net&_nc_cat=108&_nc_oc=Q6cZ2QGMQSA3eTDydLGAWGqru-4qS__0fcLNIzwJOOVN0C7Pg5CQAp9SSikuuxMBeunr21I&_nc_ohc=Nmg4W4F-pFEQ7kNvwHNKwqA&_nc_gid=OH6w5-9JS37TJDRdgJ4P4A&edm=AI-cjbYBAAAA&ccb=7-5&oh=00_AfRlWSXzBi57Q2irMllxwNzBGeT3geflWTbRX_alP8SJ0A&oe=68918E7D&_nc_sid=0985b0";"@fcrmaula kabarin klo Nemu bg👏 mau join jga🙌";"49609892919";"bull09._"
"18034275575678601";"1753980309";"https://instagram.fjog5-1.fna.fbcdn.net/v/t51.2885-19/487456135_1346828659888924_6035008890896059345_n.jpg?stp=dst-jpg_s150x150_tt6&efg=eyJ2ZW5jb2RlX3RhZyI6InByb2ZpbGVfcGljLmRqYW5nby4xMDI0LmMyIn0&_nc_ht=instagram.fjog5-1.fna.fbcdn.net&_nc_cat=104&_nc_oc=Q6cZ2QGMQSA3eTDydLGAWGqru-4qS__0fcLNIzwJOOVN0C7Pg5CQAp9SSikuuxMBeunr21I&_nc_ohc=svKqxB_PsdwQ7kNvwG5VIlw&_nc_gid=OH6w5-9JS37TJDRdgJ4P4A&edm=AI-cjbYBAAAA&ccb=7-5&oh=00_AfTIzDQc5dKZY6y_amz4G3itJExfZOKke9VEqUcK7_dmwQ&oe=68916ED0&_nc_sid=0985b0";"Udh keg drama,  di buat sama bawahannya di patahkan atasannya bak pahlawan";"66571987288";"arfaldto"
"18064273720986073";"1753980323";"https://instagram.fjog5-1.fna.fbcdn.net/v/t51.2885-19/273194349_357523206205720_6776191593468653886_n.jpg?stp=dst-jpg_s150x150_tt6&efg=eyJ2ZW5jb2RlX3RhZyI6InByb2ZpbGVfcGljLmRqYW5nby4xMDE2LmMyIn0&_nc_ht=instagram.fjog5-1.fna.fbcdn.net&_nc_cat=104&_nc_oc=Q6cZ2QGMQSA3eTDydLGAWGqru-4qS__0fcLNIzwJOOVN0C7Pg5CQAp9SSikuuxMBeunr21I&_nc_ohc=Jpm2SBp3C9cQ7kNvwFt11LL&_nc_gid=OH6w5-9JS37TJDRdgJ4P4A&edm=AI-cjbYBAAAA&ccb=7-5&oh=00_AfS-xLm9Bs1-IKcil73CgbTQowDe7MA5UDcb_P3LWWXaEg&oe=689193C6&_nc_sid=0985b0";"SOK PAHLAWAN";"1911370953";"emreds24"
"18071377061014501";"1753980346";"https://instagram.fjog5-1.fna.fbcdn.net/v/t51.2885-19/525252528_18523377526010113_8639369628231934910_n.jpg?stp=dst-jpg_s150x150_tt6&efg=eyJ2ZW5jb2RlX3RhZyI6InByb2ZpbGVfcGljLmRqYW5nby4xMDgwLmMyIn0&_nc_ht=instagram.fjog5-1.fna.fbcdn.net&_nc_cat=101&_nc_oc=Q6cZ2QGMQSA3eTDydLGAWGqru-4qS__0fcLNIzwJOOVN0C7Pg5CQAp9SSikuuxMBeunr21I&_nc_ohc=zFsUflShHLwQ7kNvwG9d1ef&_nc_gid=OH6w5-9JS37TJDRdgJ4P4A&edm=AI-cjbYBAAAA&ccb=7-5&oh=00_AfQqRM6yyqfWmMF-7qHwcknpt1DtR8Jyvm4mNLbJb88SUQ&oe=689181F5&_nc_sid=0985b0";"applause ovation👏👏👏";"364426112";"monicapradinaa"
"18320885713239141";"1753980368";"https://instagram.fjog5-1.fna.fbcdn.net/v/t51.2885-19/467607155_1301975124489516_6382409824053041621_n.jpg?stp=dst-jpg_s150x150_tt6&efg=eyJ2ZW5jb2RlX3RhZyI6InByb2ZpbGVfcGljLmRqYW5nby4xMDgwLmMyIn0&_nc_ht=instagram.fjog5-1.fna.fbcdn.net&_nc_cat=100&_nc_oc=Q6cZ2QGMQSA3eTDydLGAWGqru-4qS__0fcLNIzwJOOVN0C7Pg5CQAp9SSikuuxMBeunr21I&_nc_ohc=_SKYbWXw2_oQ7kNvwFpXqEj&_nc_gid=OH6w5-9JS37TJDRdgJ4P4A&edm=AI-cjbYBAAAA&ccb=7-5&oh=00_AfTAI_a7VyRWB4-lnkWjd4quefn81T5GdiFekvT6M6_luQ&oe=689179F5&_nc_sid=0985b0";"sudah jelas kan siklusnya wkwk";"1905702127";"liviarviana"
"18068463860328176";"1753980445";"https://instagram.fjog5-1.fna.fbcdn.net/v/t51.2885-19/514437351_18509489578028521_2203161191919476989_n.jpg?stp=dst-jpg_s150x150_tt6&efg=eyJ2ZW5jb2RlX3RhZyI6InByb2ZpbGVfcGljLmRqYW5nby4xMDgwLmMyIn0&_nc_ht=instagram.fjog5-1.fna.fbcdn.net&_nc_cat=101&_nc_oc=Q6cZ2QGMQSA3eTDydLGAWGqru-4qS__0fcLNIzwJOOVN0C7Pg5CQAp9SSikuuxMBeunr21I&_nc_ohc=SsOuwayUuPoQ7kNvwEEcjHT&_nc_gid=OH6w5-9JS37TJDRdgJ4P4A&edm=AI-cjbYBAAAA&ccb=7-5&oh=00_AfQJ0wrekG1oMDBM9W2HxB1EMHalz5n5eRH_MEnxLkMpaQ&oe=6891974A&_nc_sid=0985b0";"Ketebak polanya sama semua";"1423644520";"giangiovanii"
"17891904540284358";"1753980480";"https://instagram.fjog5-1.fna.fbcdn.net/v/t51.2885-19/467549613_450839708036596_5060656782769919938_n.jpg?stp=dst-jpg_s150x150_tt6&efg=eyJ2ZW5jb2RlX3RhZyI6InByb2ZpbGVfcGljLmRqYW5nby4xMDgwLmMyIn0&_nc_ht=instagram.fjog5-1.fna.fbcdn.net&_nc_cat=104&_nc_oc=Q6cZ2QGMQSA3eTDydLGAWGqru-4qS__0fcLNIzwJOOVN0C7Pg5CQAp9SSikuuxMBeunr21I&_nc_ohc=0suQgLht1qQQ7kNvwGJjrU0&_nc_gid=OH6w5-9JS37TJDRdgJ4P4A&edm=AI-cjbYBAAAA&ccb=7-5&oh=00_AfSuWk73wCeYU6NmHFp68YtF9Jw5cxyTbVNG00gGfjL8tQ&oe=689171EC&_nc_sid=0985b0";"pahlawankesiangan🤣";"2135026046";"rdnherjuno"
"17952671078853024";"1753980607";"https://instagram.fjog5-1.fna.fbcdn.net/v/t51.2885-19/517327807_17843943378529073_493051203576693513_n.jpg?stp=dst-jpg_s150x150_tt6&efg=eyJ2ZW5jb2RlX3RhZyI6InByb2ZpbGVfcGljLmRqYW5nby4xMDgwLmMyIn0&_nc_ht=instagram.fjog5-1.fna.fbcdn.net&_nc_cat=105&_nc_oc=Q6cZ2QGMQSA3eTDydLGAWGqru-4qS__0fcLNIzwJOOVN0C7Pg5CQAp9SSikuuxMBeunr21I&_nc_ohc=LeZ8IDruMEAQ7kNvwFTqZ3j&_nc_gid=OH6w5-9JS37TJDRdgJ4P4A&edm=AI-cjbYBAAAA&ccb=7-5&oh=00_AfTgouMjNVEPPaPSGWcpXEiBICp2d66bVoPlnlDrpHhmUQ&oe=6891910D&_nc_sid=0985b0";"Si omon omon suka bnget main pahlawan pahlawanan nya 😂";"75910409072";"shelaaa__17"
"17919880431108804";"1753980618";"https://instagram.fpnq7-2.fna.fbcdn.net/v/t51.2885-19/44884218_345707102882519_2446069589734326272_n.jpg?stp=dst-jpg_s150x150_tt6&efg=eyJ2ZW5jb2RlX3RhZyI6InByb2ZpbGVfcGljLmRqYW5nby4xNTAuYzIifQ&_nc_ht=instagram.fpnq7-2.fna.fbcdn.net&_nc_cat=1&_nc_oc=Q6cZ2QHTEOg7M4yaUwIN9md-_ECz77W2e6nfseMUKOD35u3ahwfeUNpqxG_oY26d-Syi05R_D0zjrQIIY5klYQ3CaCxY&_nc_ohc=3eE6VCHkwwMQ7kNvwF84ZMx&_nc_gid=FjnkmsP98Ge9lhWtAFR_1g&edm=AFfzLg8BAAAA&ccb=7-5&ig_cache_key=YW5vbnltb3VzX3Byb2ZpbGVfcGlj.3-ccb7-5&oh=00_AfRiZ-VjOQBF2tAmDtvOuwfYLc0wDtRzWHm9Ux1W6wd8wg&oe=6891690F&_nc_sid=000456";"dih kocak wo";"3408773422";"meidhiar"
"17979740549894120";"1753980676";"https://instagram.fjog5-1.fna.fbcdn.net/v/t51.2885-19/449631311_438594365667222_4910942173289696187_n.jpg?stp=dst-jpg_s150x150_tt6&efg=eyJ2ZW5jb2RlX3RhZyI6InByb2ZpbGVfcGljLmRqYW5nby4xMDgwLmMyIn0&_nc_ht=instagram.fjog5-1.fna.fbcdn.net&_nc_cat=106&_nc_oc=Q6cZ2QGMQSA3eTDydLGAWGqru-4qS__0fcLNIzwJOOVN0C7Pg5CQAp9SSikuuxMBeunr21I&_nc_ohc=27nLjQy9iJkQ7kNvwHgS1jd&_nc_gid=OH6w5-9JS37TJDRdgJ4P4A&edm=AI-cjbYBAAAA&ccb=7-5&oh=00_AfR24Wfnx6bTQSR8ybI72vIHDGV2biAgo7I92Vczob-oYw&oe=68919679&_nc_sid=0985b0";"Skenario pahlawan kesiangan";"639135100";"amrisyahreiky"
"18054078356142809";"1753980742";"https://instagram.fjog5-1.fna.fbcdn.net/v/t51.2885-19/121781765_147047300455530_613802045737292584_n.jpg?stp=dst-jpg_s150x150_tt6&efg=eyJ2ZW5jb2RlX3RhZyI6InByb2ZpbGVfcGljLmRqYW5nby4xMDgwLmMyIn0&_nc_ht=instagram.fjog5-1.fna.fbcdn.net&_nc_cat=106&_nc_oc=Q6cZ2QGMQSA3eTDydLGAWGqru-4qS__0fcLNIzwJOOVN0C7Pg5CQAp9SSikuuxMBeunr21I&_nc_ohc=blXojWNyRsMQ7kNvwHy4_SC&_nc_gid=OH6w5-9JS37TJDRdgJ4P4A&edm=AI-cjbYBAAAA&ccb=7-5&oh=00_AfRaglRokz9ts30DZHfUdCJ3T4EFc9typbkKjbZ6G2B1SQ&oe=68918C2D&_nc_sid=0985b0";"@amarawindari sepemikiran, klo menerima abolisi berarti pak tom pernah ada catatan hukum dan prabs selamanya jadi pahlawan pak tom,pasti akan selalu diungkit pemuja prabs 😢😢";"2205983393";"fandi.prasetio"
"18075273010769651";"1753980802";"https://instagram.fjog5-1.fna.fbcdn.net/v/t51.2885-19/380831859_1746834969088840_4700079088425634623_n.jpg?stp=dst-jpg_s150x150_tt6&efg=eyJ2ZW5jb2RlX3RhZyI6InByb2ZpbGVfcGljLmRqYW5nby4xMDgwLmMyIn0&_nc_ht=instagram.fjog5-1.fna.fbcdn.net&_nc_cat=104&_nc_oc=Q6cZ2QGMQSA3eTDydLGAWGqru-4qS__0fcLNIzwJOOVN0C7Pg5CQAp9SSikuuxMBeunr21I&_nc_ohc=8WuJi-6fRIoQ7kNvwH6DY6H&_nc_gid=OH6w5-9JS37TJDRdgJ4P4A&edm=AI-cjbYBAAAA&ccb=7-5&oh=00_AfR_9o80vTR3RPVteAJcZaWFGcKInhFKdfMUJ6vmcvgB5g&oe=68919925&_nc_sid=0985b0";"@factual.id ouchh di sleding fakta";"3612155480";"svfferink"
"18140696956413341";"1753980811";"https://instagram.fjog5-1.fna.fbcdn.net/v/t51.2885-19/471343771_971264984858333_4926834516393803607_n.jpg?stp=dst-jpg_s150x150_tt6&efg=eyJ2ZW5jb2RlX3RhZyI6InByb2ZpbGVfcGljLmRqYW5nby4xMDgwLmMyIn0&_nc_ht=instagram.fjog5-1.fna.fbcdn.net&_nc_cat=105&_nc_oc=Q6cZ2QGMQSA3eTDydLGAWGqru-4qS__0fcLNIzwJOOVN0C7Pg5CQAp9SSikuuxMBeunr21I&_nc_ohc=vL2m8CvjMtcQ7kNvwHrq13M&_nc_gid=OH6w5-9JS37TJDRdgJ4P4A&edm=AI-cjbYBAAAA&ccb=7-5&oh=00_AfSVl8dKMSFSoVrslgPiGUIXlHWtOhfL8kYvfnxxENEwMw&oe=68919F3C&_nc_sid=0985b0";"duh enak bgt bolak balik in nya yaa";"61354704964";"andizildjiann"
"18082640626888667";"1753980816";"https://instagram.fjog5-1.fna.fbcdn.net/v/t51.2885-19/508018912_18507808039042448_7954175192071414955_n.jpg?stp=dst-jpg_s150x150_tt6&efg=eyJ2ZW5jb2RlX3RhZyI6InByb2ZpbGVfcGljLmRqYW5nby4xMDgwLmMyIn0&_nc_ht=instagram.fjog5-1.fna.fbcdn.net&_nc_cat=108&_nc_oc=Q6cZ2QGMQSA3eTDydLGAWGqru-4qS__0fcLNIzwJOOVN0C7Pg5CQAp9SSikuuxMBeunr21I&_nc_ohc=UQdTmKC-epoQ7kNvwGOBNt8&_nc_gid=OH6w5-9JS37TJDRdgJ4P4A&edm=AI-cjbYBAAAA&ccb=7-5&oh=00_AfQBCHC92Y7wchyfkvyUUUX9eHtIyLBmZ1wzGwW-7W1a-w&oe=68917C7B&_nc_sid=0985b0";"BELOM JUGA SIANG, EH UDAH ADA PAHLAWAN DATANG🤣";"544234447";"kamalzari"
"18063389831203299";"1753980822";"https://instagram.fjog5-1.fna.fbcdn.net/v/t51.2885-19/485312265_1370754234352796_5150912389871906352_n.jpg?stp=dst-jpg_s150x150_tt6&efg=eyJ2ZW5jb2RlX3RhZyI6InByb2ZpbGVfcGljLmRqYW5nby4xMDgwLmMyIn0&_nc_ht=instagram.fjog5-1.fna.fbcdn.net&_nc_cat=108&_nc_oc=Q6cZ2QGMQSA3eTDydLGAWGqru-4qS__0fcLNIzwJOOVN0C7Pg5CQAp9SSikuuxMBeunr21I&_nc_ohc=fmP_eMbNI-sQ7kNvwHuPHIM&_nc_gid=OH6w5-9JS37TJDRdgJ4P4A&edm=AI-cjbYBAAAA&ccb=7-5&oh=00_AfTHQipoX5EcjwiF9w4nE-QJZI1jxmo8rTUHRAIeXdWILg&oe=6891924C&_nc_sid=0985b0";"😂😂";"7132510046";"hanikarts"
"18052220768621573";"1753980886";"https://instagram.fpnq7-2.fna.fbcdn.net/v/t51.2885-19/44884218_345707102882519_2446069589734326272_n.jpg?stp=dst-jpg_s150x150_tt6&efg=eyJ2ZW5jb2RlX3RhZyI6InByb2ZpbGVfcGljLmRqYW5nby4xNTAuYzIifQ&_nc_ht=instagram.fpnq7-2.fna.fbcdn.net&_nc_cat=1&_nc_oc=Q6cZ2QHTEOg7M4yaUwIN9md-_ECz77W2e6nfseMUKOD35u3ahwfeUNpqxG_oY26d-Syi05R_D0zjrQIIY5klYQ3CaCxY&_nc_ohc=3eE6VCHkwwMQ7kNvwF84ZMx&_nc_gid=FjnkmsP98Ge9lhWtAFR_1g&edm=AFfzLg8BAAAA&ccb=7-5&ig_cache_key=YW5vbnltb3VzX3Byb2ZpbGVfcGlj.3-ccb7-5&oh=00_AfRiZ-VjOQBF2tAmDtvOuwfYLc0wDtRzWHm9Ux1W6wd8wg&oe=6891690F&_nc_sid=000456";"👏";"53151322262";"ridhonugrahaaa__"
"17856164127473522";"1753980916";"https://instagram.fjog5-1.fna.fbcdn.net/v/t51.2885-19/441185930_961363945697737_6874624079212661618_n.jpg?stp=dst-jpg_s150x150_tt6&efg=eyJ2ZW5jb2RlX3RhZyI6InByb2ZpbGVfcGljLmRqYW5nby4xMDgwLmMyIn0&_nc_ht=instagram.fjog5-1.fna.fbcdn.net&_nc_cat=101&_nc_oc=Q6cZ2QGMQSA3eTDydLGAWGqru-4qS__0fcLNIzwJOOVN0C7Pg5CQAp9SSikuuxMBeunr21I&_nc_ohc=RhMd6rvbpAMQ7kNvwHyZTlU&_nc_gid=OH6w5-9JS37TJDRdgJ4P4A&edm=AI-cjbYBAAAA&ccb=7-5&oh=00_AfRN0fVPiPUWTMPeuIMjBkcNPss1WmbbSrsG0j2Yc3CoDw&oe=689180B6&_nc_sid=0985b0";"@nobfchnhr orang gaada yg memberatkan dan ga terbukti menikmati, masa tbtb mau hukum mati😋";"1796598922";"nadiaansh"
"17945791332008545";"1753980994";"https://instagram.fjog5-1.fna.fbcdn.net/v/t51.2885-19/503920454_18462015538072163_157843081345498223_n.jpg?stp=dst-jpg_s150x150_tt6&efg=eyJ2ZW5jb2RlX3RhZyI6InByb2ZpbGVfcGljLmRqYW5nby42MTQuYzIifQ&_nc_ht=instagram.fjog5-1.fna.fbcdn.net&_nc_cat=111&_nc_oc=Q6cZ2QGMQSA3eTDydLGAWGqru-4qS__0fcLNIzwJOOVN0C7Pg5CQAp9SSikuuxMBeunr21I&_nc_ohc=afIvT8SzKgIQ7kNvwGv2dUn&_nc_gid=OH6w5-9JS37TJDRdgJ4P4A&edm=AI-cjbYBAAAA&ccb=7-5&oh=00_AfTxXj9NmLxOX5SrFuh3zkflayPvIyOpFAGMECwRF-qQHg&oe=68918D3E&_nc_sid=0985b0";"@reinbellion harusnya dipenjara aja gitu?";"2335576162";"alvipamunqas"
"18043584746633679";"1753981019";"https://instagram.fjog5-1.fna.fbcdn.net/v/t51.2885-19/441185930_961363945697737_6874624079212661618_n.jpg?stp=dst-jpg_s150x150_tt6&efg=eyJ2ZW5jb2RlX3RhZyI6InByb2ZpbGVfcGljLmRqYW5nby4xMDgwLmMyIn0&_nc_ht=instagram.fjog5-1.fna.fbcdn.net&_nc_cat=101&_nc_oc=Q6cZ2QGMQSA3eTDydLGAWGqru-4qS__0fcLNIzwJOOVN0C7Pg5CQAp9SSikuuxMBeunr21I&_nc_ohc=RhMd6rvbpAMQ7kNvwHyZTlU&_nc_gid=OH6w5-9JS37TJDRdgJ4P4A&edm=AI-cjbYBAAAA&ccb=7-5&oh=00_AfRN0fVPiPUWTMPeuIMjBkcNPss1WmbbSrsG0j2Yc3CoDw&oe=689180B6&_nc_sid=0985b0";"@sudden.absence tetap ada catatan sbg narapidana korupsi, cm ga ditahan aja. Kecuali nanti diberikan rehabilitasi nama baik juga mungkin catatan tsb bisa hilang";"1796598922";"nadiaansh"
"18350813653083818";"1753981053";"https://instagram.fjog5-1.fna.fbcdn.net/v/t51.2885-19/515475221_18360506692148666_219408529621479233_n.jpg?stp=dst-jpg_s150x150_tt6&efg=eyJ2ZW5jb2RlX3RhZyI6InByb2ZpbGVfcGljLmRqYW5nby4xMDgwLmMyIn0&_nc_ht=instagram.fjog5-1.fna.fbcdn.net&_nc_cat=102&_nc_oc=Q6cZ2QGMQSA3eTDydLGAWGqru-4qS__0fcLNIzwJOOVN0C7Pg5CQAp9SSikuuxMBeunr21I&_nc_ohc=5FZpjQlMrpQQ7kNvwF3HBdL&_nc_gid=OH6w5-9JS37TJDRdgJ4P4A&edm=AI-cjbYBAAAA&ccb=7-5&oh=00_AfRIq4qFNIPrts_draDtkzEc5LsrkDIXZRtyoZ2xFbAVlA&oe=68919730&_nc_sid=0985b0";"pahlawan sedang mengukir kisah baru";"4363796665";"fadhilaasf"
"18084173968838820";"1753981066";"https://instagram.fjog5-1.fna.fbcdn.net/v/t51.2885-19/341007920_2320277448181992_767139635733926342_n.jpg?stp=dst-jpg_s150x150_tt6&efg=eyJ2ZW5jb2RlX3RhZyI6InByb2ZpbGVfcGljLmRqYW5nby4xMDgwLmMyIn0&_nc_ht=instagram.fjog5-1.fna.fbcdn.net&_nc_cat=100&_nc_oc=Q6cZ2QGMQSA3eTDydLGAWGqru-4qS__0fcLNIzwJOOVN0C7Pg5CQAp9SSikuuxMBeunr21I&_nc_ohc=A6FVpmX4GxIQ7kNvwGMYYZa&_nc_gid=OH6w5-9JS37TJDRdgJ4P4A&edm=AI-cjbYBAAAA&ccb=7-5&oh=00_AfR9sJaJgf5UkAuppdvLFVPJtPRwubZ4m_MlC203EW8YVA&oe=68917BF0&_nc_sid=0985b0";"Pahlawanne ndi ga disorot";"2138451372";"inayahwulandari_"
"18008741918784171";"1753981090";"https://instagram.fjog5-1.fna.fbcdn.net/v/t51.2885-19/501229100_18166724545342227_9208157942571651564_n.jpg?stp=dst-jpg_s150x150_tt6&efg=eyJ2ZW5jb2RlX3RhZyI6InByb2ZpbGVfcGljLmRqYW5nby4xMDgwLmMyIn0&_nc_ht=instagram.fjog5-1.fna.fbcdn.net&_nc_cat=103&_nc_oc=Q6cZ2QGMQSA3eTDydLGAWGqru-4qS__0fcLNIzwJOOVN0C7Pg5CQAp9SSikuuxMBeunr21I&_nc_ohc=QHwNxzrgOzcQ7kNvwFDjobO&_nc_gid=OH6w5-9JS37TJDRdgJ4P4A&edm=AI-cjbYBAAAA&ccb=7-5&oh=00_AfR9Phqb-Y7w26MXoYRBZUfkncPyYhn_GP1oJr8QdmcptQ&oe=68918478&_nc_sid=0985b0";"Well well well😹😹";"10191670226";"nisavierne"
"17887512390323663";"1753981297";"https://instagram.fjog5-1.fna.fbcdn.net/v/t51.2885-19/483375104_1148033163682280_3190310717514353298_n.jpg?stp=dst-jpg_s150x150_tt6&efg=eyJ2ZW5jb2RlX3RhZyI6InByb2ZpbGVfcGljLmRqYW5nby4xMDgwLmMyIn0&_nc_ht=instagram.fjog5-1.fna.fbcdn.net&_nc_cat=108&_nc_oc=Q6cZ2QGMQSA3eTDydLGAWGqru-4qS__0fcLNIzwJOOVN0C7Pg5CQAp9SSikuuxMBeunr21I&_nc_ohc=V8C47VxNwMsQ7kNvwGbJvXM&_nc_gid=OH6w5-9JS37TJDRdgJ4P4A&edm=AI-cjbYBAAAA&ccb=7-5&oh=00_AfQYWZUijkW8t4iFMNBjY4w-koigk0XneitXCSDiYxAYDQ&oe=68918DED&_nc_sid=0985b0";"@fandi.prasetio pemuja dan yang dipuja sama aja, curhat terus tuh kalau naik podium 😂";"1788456694";"amarawindari"
"18064387064265869";"1753981349";"https://instagram.fjog5-1.fna.fbcdn.net/v/t51.2885-19/441185930_961363945697737_6874624079212661618_n.jpg?stp=dst-jpg_s150x150_tt6&efg=eyJ2ZW5jb2RlX3RhZyI6InByb2ZpbGVfcGljLmRqYW5nby4xMDgwLmMyIn0&_nc_ht=instagram.fjog5-1.fna.fbcdn.net&_nc_cat=101&_nc_oc=Q6cZ2QGMQSA3eTDydLGAWGqru-4qS__0fcLNIzwJOOVN0C7Pg5CQAp9SSikuuxMBeunr21I&_nc_ohc=RhMd6rvbpAMQ7kNvwHyZTlU&_nc_gid=OH6w5-9JS37TJDRdgJ4P4A&edm=AI-cjbYBAAAA&ccb=7-5&oh=00_AfRN0fVPiPUWTMPeuIMjBkcNPss1WmbbSrsG0j2Yc3CoDw&oe=689180B6&_nc_sid=0985b0";"Hasto dikasih amnesti, tom dikasihnya abolisi👏🏻";"1796598922";"nadiaansh"
"18042691841651702";"1753981351";"https://instagram.fjog5-1.fna.fbcdn.net/v/t51.2885-19/476502396_1414913226148432_7910079186515019815_n.jpg?stp=dst-jpg_s150x150_tt6&efg=eyJ2ZW5jb2RlX3RhZyI6InByb2ZpbGVfcGljLmRqYW5nby4xMDgwLmMyIn0&_nc_ht=instagram.fjog5-1.fna.fbcdn.net&_nc_cat=104&_nc_oc=Q6cZ2QGMQSA3eTDydLGAWGqru-4qS__0fcLNIzwJOOVN0C7Pg5CQAp9SSikuuxMBeunr21I&_nc_ohc=4xMyFX_1-8oQ7kNvwEPIBru&_nc_gid=OH6w5-9JS37TJDRdgJ4P4A&edm=AI-cjbYBAAAA&ccb=7-5&oh=00_AfQf-5gf_dhyMDA3u0w_QMQs5He-lm77h78Rwy_c5oZ3Gg&oe=68918F1F&_nc_sid=0985b0";"";"57143193365";"kampusijoo"
"18028098260687679";"1753981361";"https://instagram.fjog5-1.fna.fbcdn.net/v/t51.2885-19/483375104_1148033163682280_3190310717514353298_n.jpg?stp=dst-jpg_s150x150_tt6&efg=eyJ2ZW5jb2RlX3RhZyI6InByb2ZpbGVfcGljLmRqYW5nby4xMDgwLmMyIn0&_nc_ht=instagram.fjog5-1.fna.fbcdn.net&_nc_cat=108&_nc_oc=Q6cZ2QGMQSA3eTDydLGAWGqru-4qS__0fcLNIzwJOOVN0C7Pg5CQAp9SSikuuxMBeunr21I&_nc_ohc=V8C47VxNwMsQ7kNvwGbJvXM&_nc_gid=OH6w5-9JS37TJDRdgJ4P4A&edm=AI-cjbYBAAAA&ccb=7-5&oh=00_AfQYWZUijkW8t4iFMNBjY4w-koigk0XneitXCSDiYxAYDQ&oe=68918DED&_nc_sid=0985b0";"@arham_2303 makin panjang hidung Pinokio itu kalau ikut 😂";"1788456694";"amarawindari"
"17947248941880908";"1753981428";"https://instagram.fjog5-1.fna.fbcdn.net/v/t51.2885-19/510001427_18347117572083606_2270285177532240708_n.jpg?stp=dst-jpg_s150x150_tt6&efg=eyJ2ZW5jb2RlX3RhZyI6InByb2ZpbGVfcGljLmRqYW5nby4xMDgwLmMyIn0&_nc_ht=instagram.fjog5-1.fna.fbcdn.net&_nc_cat=106&_nc_oc=Q6cZ2QGMQSA3eTDydLGAWGqru-4qS__0fcLNIzwJOOVN0C7Pg5CQAp9SSikuuxMBeunr21I&_nc_ohc=VrWncGeDFdYQ7kNvwHaj4tj&_nc_gid=OH6w5-9JS37TJDRdgJ4P4A&edm=AI-cjbYBAAAA&ccb=7-5&oh=00_AfSwfsUnU43aND7hKTiaH-5QSYKyg0x3ardfCliZQO0O8g&oe=68916DD2&_nc_sid=0985b0";"@universxeee lah topik yg kubilang emg aku ngarahnya ke tom?";"2533539605";"edoartjoel"
"18524026210016596";"1753981446";"https://instagram.fjog5-1.fna.fbcdn.net/v/t51.2885-19/473680006_1822899698526484_4633359807039473147_n.jpg?stp=dst-jpg_s150x150_tt6&efg=eyJ2ZW5jb2RlX3RhZyI6InByb2ZpbGVfcGljLmRqYW5nby41NTQuYzIifQ&_nc_ht=instagram.fjog5-1.fna.fbcdn.net&_nc_cat=104&_nc_oc=Q6cZ2QGMQSA3eTDydLGAWGqru-4qS__0fcLNIzwJOOVN0C7Pg5CQAp9SSikuuxMBeunr21I&_nc_ohc=juSctdNlVtMQ7kNvwEp3MHc&_nc_gid=OH6w5-9JS37TJDRdgJ4P4A&edm=AI-cjbYBAAAA&ccb=7-5&oh=00_AfQGSWFmTkh7H6sKeT9BKKL6jZexTHa-LglklSiJle52vw&oe=689173CB&_nc_sid=0985b0";"jiakhhhh";"38269361374";"muzeydn"
"18092934514634914";"1753981593";"https://instagram.fpnq7-2.fna.fbcdn.net/v/t51.2885-19/44884218_345707102882519_2446069589734326272_n.jpg?stp=dst-jpg_s150x150_tt6&efg=eyJ2ZW5jb2RlX3RhZyI6InByb2ZpbGVfcGljLmRqYW5nby4xNTAuYzIifQ&_nc_ht=instagram.fpnq7-2.fna.fbcdn.net&_nc_cat=1&_nc_oc=Q6cZ2QHTEOg7M4yaUwIN9md-_ECz77W2e6nfseMUKOD35u3ahwfeUNpqxG_oY26d-Syi05R_D0zjrQIIY5klYQ3CaCxY&_nc_ohc=3eE6VCHkwwMQ7kNvwF84ZMx&_nc_gid=FjnkmsP98Ge9lhWtAFR_1g&edm=AFfzLg8BAAAA&ccb=7-5&ig_cache_key=YW5vbnltb3VzX3Byb2ZpbGVfcGlj.3-ccb7-5&oh=00_AfRiZ-VjOQBF2tAmDtvOuwfYLc0wDtRzWHm9Ux1W6wd8wg&oe=6891690F&_nc_sid=000456";"@factual.id 🔥🔥🔥";"5698068463";"berlyannae"
"17941472751020963";"1753981726";"https://instagram.fjog5-1.fna.fbcdn.net/v/t51.2885-19/510001427_18347117572083606_2270285177532240708_n.jpg?stp=dst-jpg_s150x150_tt6&efg=eyJ2ZW5jb2RlX3RhZyI6InByb2ZpbGVfcGljLmRqYW5nby4xMDgwLmMyIn0&_nc_ht=instagram.fjog5-1.fna.fbcdn.net&_nc_cat=106&_nc_oc=Q6cZ2QGMQSA3eTDydLGAWGqru-4qS__0fcLNIzwJOOVN0C7Pg5CQAp9SSikuuxMBeunr21I&_nc_ohc=VrWncGeDFdYQ7kNvwHaj4tj&_nc_gid=OH6w5-9JS37TJDRdgJ4P4A&edm=AI-cjbYBAAAA&ccb=7-5&oh=00_AfSwfsUnU43aND7hKTiaH-5QSYKyg0x3ardfCliZQO0O8g&oe=68916DD2&_nc_sid=0985b0";"eee gondut bujang, pahami topik yg ku komen ngarah kemana! makannya kalimat itu di telaah yaa bjg, dsr penyembah abah";"2533539605";"edoartjoel"
"18065232232958638";"1753981771";"https://instagram.fjog5-1.fna.fbcdn.net/v/t51.2885-19/366489086_319697633845280_7247288868684978417_n.jpg?stp=dst-jpg_s150x150_tt6&efg=eyJ2ZW5jb2RlX3RhZyI6InByb2ZpbGVfcGljLmRqYW5nby45NjAuYzIifQ&_nc_ht=instagram.fjog5-1.fna.fbcdn.net&_nc_cat=108&_nc_oc=Q6cZ2QGMQSA3eTDydLGAWGqru-4qS__0fcLNIzwJOOVN0C7Pg5CQAp9SSikuuxMBeunr21I&_nc_ohc=UD1Sh6LQe7MQ7kNvwHUb-7R&_nc_gid=OH6w5-9JS37TJDRdgJ4P4A&edm=AI-cjbYBAAAA&ccb=7-5&oh=00_AfQAjeIZ9fRUdwulpK-5hXAYsms5MURgEJM-brmG1sra2A&oe=68917D40&_nc_sid=0985b0";"Makin fix Agustus ini ngibarin bendera one piece";"1312639468";"mas_ali2"
"17957417096977305";"1753981774";"https://instagram.fjog5-1.fna.fbcdn.net/v/t51.2885-19/525705474_18521810746035406_1973994836709302877_n.jpg?stp=dst-jpg_s150x150_tt6&efg=eyJ2ZW5jb2RlX3RhZyI6InByb2ZpbGVfcGljLmRqYW5nby44MjguYzIifQ&_nc_ht=instagram.fjog5-1.fna.fbcdn.net&_nc_cat=110&_nc_oc=Q6cZ2QGMQSA3eTDydLGAWGqru-4qS__0fcLNIzwJOOVN0C7Pg5CQAp9SSikuuxMBeunr21I&_nc_ohc=TnVOzLX2qN8Q7kNvwGMIIWj&_nc_gid=OH6w5-9JS37TJDRdgJ4P4A&edm=AI-cjbYBAAAA&ccb=7-5&oh=00_AfSAfmKDAJnu8kLXt2jXK0WnbP5Y_ymIYPqe4UJvItFUgA&oe=6891686C&_nc_sid=0985b0";"Cantik bgt nih narasinya";"1414179405";"diastatipna"
"17941132947042383";"1753981848";"https://instagram.fjog5-1.fna.fbcdn.net/v/t51.2885-19/510001427_18347117572083606_2270285177532240708_n.jpg?stp=dst-jpg_s150x150_tt6&efg=eyJ2ZW5jb2RlX3RhZyI6InByb2ZpbGVfcGljLmRqYW5nby4xMDgwLmMyIn0&_nc_ht=instagram.fjog5-1.fna.fbcdn.net&_nc_cat=106&_nc_oc=Q6cZ2QGMQSA3eTDydLGAWGqru-4qS__0fcLNIzwJOOVN0C7Pg5CQAp9SSikuuxMBeunr21I&_nc_ohc=VrWncGeDFdYQ7kNvwHaj4tj&_nc_gid=OH6w5-9JS37TJDRdgJ4P4A&edm=AI-cjbYBAAAA&ccb=7-5&oh=00_AfSwfsUnU43aND7hKTiaH-5QSYKyg0x3ardfCliZQO0O8g&oe=68916DD2&_nc_sid=0985b0";"@fcrmaula banyak banyak makan sayur dekk, jangan makan kecap doang biar ga tolol";"2533539605";"edoartjoel"
"18397790686142684";"1753979058";"https://instagram.fjog5-1.fna.fbcdn.net/v/t51.2885-19/500235601_18483514792066669_3442983558234877586_n.jpg?stp=dst-jpg_s150x150_tt6&efg=eyJ2ZW5jb2RlX3RhZyI6InByb2ZpbGVfcGljLmRqYW5nby4xMDgwLmMyIn0&_nc_ht=instagram.fjog5-1.fna.fbcdn.net&_nc_cat=101&_nc_oc=Q6cZ2QHMRFk7oEDU9rw8gMR03b-nnzTCK5LUdYZhx9fnmJWAM4kNSbjfDScQ_IQnucgKe-k&_nc_ohc=PrZYqQ51WYsQ7kNvwECQP1t&_nc_gid=r5_NQd82LyyiBDcsNFDO1g&edm=AI-cjbYBAAAA&ccb=7-5&oh=00_AfR-TjpVNkEz3PJxAfpF4qBZ4HRdagNvTMjst9RbcGzW1w&oe=68919918&_nc_sid=0985b0";"Udah kek ultramen aja wo, main jadi pahlawan";"2131362668";"ix.ix.mmz"
"17855165832482622";"1753979081";"https://instagram.fjog5-1.fna.fbcdn.net/v/t51.2885-19/500569016_18365386033199877_1999908839393314961_n.jpg?stp=dst-jpg_s150x150_tt6&efg=eyJ2ZW5jb2RlX3RhZyI6InByb2ZpbGVfcGljLmRqYW5nby4xMDgwLmMyIn0&_nc_ht=instagram.fjog5-1.fna.fbcdn.net&_nc_cat=109&_nc_oc=Q6cZ2QHMRFk7oEDU9rw8gMR03b-nnzTCK5LUdYZhx9fnmJWAM4kNSbjfDScQ_IQnucgKe-k&_nc_ohc=uw9hRDIaHg4Q7kNvwHn3RF5&_nc_gid=r5_NQd82LyyiBDcsNFDO1g&edm=AI-cjbYBAAAA&ccb=7-5&oh=00_AfSb4hFWoInpq3rgFsLozbysE4a-d9rvaXmPB46npCAwuw&oe=68918815&_nc_sid=0985b0";"atmin datang ahh😭";"5993783876";"harselfalah_rr"
"18133421005431040";"1753979085";"https://instagram.fjog5-1.fna.fbcdn.net/v/t51.2885-19/503293804_18459872167077763_2101506741180424779_n.jpg?stp=dst-jpg_s150x150_tt6&efg=eyJ2ZW5jb2RlX3RhZyI6InByb2ZpbGVfcGljLmRqYW5nby4xMDgwLmMyIn0&_nc_ht=instagram.fjog5-1.fna.fbcdn.net&_nc_cat=107&_nc_oc=Q6cZ2QHMRFk7oEDU9rw8gMR03b-nnzTCK5LUdYZhx9fnmJWAM4kNSbjfDScQ_IQnucgKe-k&_nc_ohc=-sJ7g_rvkDAQ7kNvwFGRxos&_nc_gid=r5_NQd82LyyiBDcsNFDO1g&edm=AI-cjbYBAAAA&ccb=7-5&oh=00_AfQrQM51cLxxZfe236z2eUdynkoSrAcT9Q0X6cJTD7aOeQ&oe=689183D1&_nc_sid=0985b0";"MAIN PAHLAWAN²AN";"2254653762";"mhdthoyib_"
"17964082214933230";"1753979092";"https://instagram.fjog5-1.fna.fbcdn.net/v/t51.2885-19/444179514_364813829923508_8962113241713658206_n.jpg?stp=dst-jpg_s150x150_tt6&efg=eyJ2ZW5jb2RlX3RhZyI6InByb2ZpbGVfcGljLmRqYW5nby44NTguYzIifQ&_nc_ht=instagram.fjog5-1.fna.fbcdn.net&_nc_cat=108&_nc_oc=Q6cZ2QHMRFk7oEDU9rw8gMR03b-nnzTCK5LUdYZhx9fnmJWAM4kNSbjfDScQ_IQnucgKe-k&_nc_ohc=TrIrRzsK1koQ7kNvwGb-dnN&_nc_gid=r5_NQd82LyyiBDcsNFDO1g&edm=AI-cjbYBAAAA&ccb=7-5&oh=00_AfQGdjSsRR2brO7uAj41sVXnJSJvenYY0QdVm-obGPZI8g&oe=68917418&_nc_sid=0985b0";"Pahlawan 😂";"4365755023";"mhdagung20"
"17843023722546724";"1753979096";"https://instagram.fjog5-1.fna.fbcdn.net/v/t51.2885-19/503308716_18486740449064292_7866832134498628340_n.jpg?stp=dst-jpg_s150x150_tt6&efg=eyJ2ZW5jb2RlX3RhZyI6InByb2ZpbGVfcGljLmRqYW5nby4xMDgwLmMyIn0&_nc_ht=instagram.fjog5-1.fna.fbcdn.net&_nc_cat=100&_nc_oc=Q6cZ2QHMRFk7oEDU9rw8gMR03b-nnzTCK5LUdYZhx9fnmJWAM4kNSbjfDScQ_IQnucgKe-k&_nc_ohc=_RJTVL8kwacQ7kNvwGHXChP&_nc_gid=r5_NQd82LyyiBDcsNFDO1g&edm=AI-cjbYBAAAA&ccb=7-5&oh=00_AfTNYEG0KoqIa19b9AI6xQ_3HYAqUEo90iKCTt3wAkmEUA&oe=68916ACC&_nc_sid=0985b0";"Siap pahlawan.. nutupin kasus mana lagi nih?";"2059440291";"ardyansyaharya"
"18091126030736768";"1753979104";"https://instagram.fjog5-1.fna.fbcdn.net/v/t51.2885-19/503293804_18459872167077763_2101506741180424779_n.jpg?stp=dst-jpg_s150x150_tt6&efg=eyJ2ZW5jb2RlX3RhZyI6InByb2ZpbGVfcGljLmRqYW5nby4xMDgwLmMyIn0&_nc_ht=instagram.fjog5-1.fna.fbcdn.net&_nc_cat=107&_nc_oc=Q6cZ2QHMRFk7oEDU9rw8gMR03b-nnzTCK5LUdYZhx9fnmJWAM4kNSbjfDScQ_IQnucgKe-k&_nc_ohc=-sJ7g_rvkDAQ7kNvwFGRxos&_nc_gid=r5_NQd82LyyiBDcsNFDO1g&edm=AI-cjbYBAAAA&ccb=7-5&oh=00_AfQrQM51cLxxZfe236z2eUdynkoSrAcT9Q0X6cJTD7aOeQ&oe=689183D1&_nc_sid=0985b0";"@edoartjoel presidenmu aja itu yg ke pahlawanan";"2254653762";"mhdthoyib_"
"18088099807741355";"1753979119";"https://instagram.fjog5-1.fna.fbcdn.net/v/t51.2885-19/524416256_17991645260815841_5445199062118792279_n.jpg?stp=dst-jpg_s150x150_tt6&efg=eyJ2ZW5jb2RlX3RhZyI6InByb2ZpbGVfcGljLmRqYW5nby4xMDgwLmMyIn0&_nc_ht=instagram.fjog5-1.fna.fbcdn.net&_nc_cat=105&_nc_oc=Q6cZ2QHMRFk7oEDU9rw8gMR03b-nnzTCK5LUdYZhx9fnmJWAM4kNSbjfDScQ_IQnucgKe-k&_nc_ohc=AayAZBUSEYIQ7kNvwEe5pdr&_nc_gid=r5_NQd82LyyiBDcsNFDO1g&edm=AI-cjbYBAAAA&ccb=7-5&oh=00_AfR3p11tl9_Y2-Gg8m1QUGid85LwekmTJYuu4jNjy-3mbg&oe=68918269&_nc_sid=0985b0";"@edoartjoel salah dari awal lah harusnya tom lembong emg gak bersalah kok. aneh wkwk";"54458759840";"universxeee"
"18052147115408452";"1753979124";"https://instagram.fjog5-1.fna.fbcdn.net/v/t51.2885-19/425151232_1531381627640548_81226202882427981_n.jpg?stp=dst-jpg_s150x150_tt6&efg=eyJ2ZW5jb2RlX3RhZyI6InByb2ZpbGVfcGljLmRqYW5nby41NjMuYzIifQ&_nc_ht=instagram.fjog5-1.fna.fbcdn.net&_nc_cat=1&_nc_oc=Q6cZ2QHMRFk7oEDU9rw8gMR03b-nnzTCK5LUdYZhx9fnmJWAM4kNSbjfDScQ_IQnucgKe-k&_nc_ohc=yLP2w0X_nCIQ7kNvwEBvsZK&_nc_gid=r5_NQd82LyyiBDcsNFDO1g&edm=AI-cjbYBAAAA&ccb=7-5&oh=00_AfRzgPJnwNH7ocbMQVkf8cMODax8urLbGBbxwoBx8NCV6g&oe=68919047&_nc_sid=0985b0";"Ada kutipan dr seorang penulis asal AS, Harry Browne yg sangat menggambarkan situasi saat ini,
.
Pemerintah pandai dalam satu hal : ia tau cara mematahkan kaki anda, lalu memberikan anda tongkat dan berkata, 'lihat, kalau bukan karna pemerintah, kamu tak akan bisa berjalan'";"50806850179";"factual.id"
"18071775848284601";"1753979136";"https://instagram.fjog5-1.fna.fbcdn.net/v/t51.2885-19/519677698_18072589844498663_1886927361379819863_n.jpg?stp=dst-jpg_s150x150_tt6&efg=eyJ2ZW5jb2RlX3RhZyI6InByb2ZpbGVfcGljLmRqYW5nby4xMDgwLmMyIn0&_nc_ht=instagram.fjog5-1.fna.fbcdn.net&_nc_cat=111&_nc_oc=Q6cZ2QHMRFk7oEDU9rw8gMR03b-nnzTCK5LUdYZhx9fnmJWAM4kNSbjfDScQ_IQnucgKe-k&_nc_ohc=E9ZaUUTgx-0Q7kNvwGe-3tj&_nc_gid=r5_NQd82LyyiBDcsNFDO1g&edm=AI-cjbYBAAAA&ccb=7-5&oh=00_AfQ2xKDiLAf9b4a3CY2dC2ySNHgEOl9nUQZfW9Pme4fK8w&oe=6891865F&_nc_sid=0985b0";"Hehereyan";"45005834662";"bonoobonoyaa_"
"17850517440476460";"1753979145";"https://instagram.fjog5-1.fna.fbcdn.net/v/t51.2885-19/497100709_18040938620531970_8878973420996846793_n.jpg?stp=dst-jpg_s150x150_tt6&efg=eyJ2ZW5jb2RlX3RhZyI6InByb2ZpbGVfcGljLmRqYW5nby4xMDgwLmMyIn0&_nc_ht=instagram.fjog5-1.fna.fbcdn.net&_nc_cat=106&_nc_oc=Q6cZ2QHMRFk7oEDU9rw8gMR03b-nnzTCK5LUdYZhx9fnmJWAM4kNSbjfDScQ_IQnucgKe-k&_nc_ohc=YfnKRRuy4psQ7kNvwGjkz6T&_nc_gid=r5_NQd82LyyiBDcsNFDO1g&edm=AI-cjbYBAAAA&ccb=7-5&oh=00_AfQ8d9KzWFZuAev87vBMoYSTor0H7qDswKLlED5vu_-Hog&oe=68916FB7&_nc_sid=0985b0";"siklus bulanan ada aja yg jadi pahlawan, bulan depan siapa lagi nih";"45897659969";"whoszzdn"
"18063707330517742";"1753979147";"https://instagram.fjog5-1.fna.fbcdn.net/v/t51.2885-19/425151232_1531381627640548_81226202882427981_n.jpg?stp=dst-jpg_s150x150_tt6&efg=eyJ2ZW5jb2RlX3RhZyI6InByb2ZpbGVfcGljLmRqYW5nby41NjMuYzIifQ&_nc_ht=instagram.fjog5-1.fna.fbcdn.net&_nc_cat=1&_nc_oc=Q6cZ2QHMRFk7oEDU9rw8gMR03b-nnzTCK5LUdYZhx9fnmJWAM4kNSbjfDScQ_IQnucgKe-k&_nc_ohc=yLP2w0X_nCIQ7kNvwEBvsZK&_nc_gid=r5_NQd82LyyiBDcsNFDO1g&edm=AI-cjbYBAAAA&ccb=7-5&oh=00_AfRzgPJnwNH7ocbMQVkf8cMODax8urLbGBbxwoBx8NCV6g&oe=68919047&_nc_sid=0985b0";"@factual.id semoga bisa dipahami, btw untuk informasi pengetahuan dan wawasan lainnya bisa foIIow juga account kami ya kawan kawan, Thank you 🙏";"50806850179";"factual.id"
"18078322252938089";"1753979148";"https://instagram.fjog5-1.fna.fbcdn.net/v/t51.2885-19/469206342_930068968581866_895516784993785498_n.jpg?stp=dst-jpg_s150x150_tt6&efg=eyJ2ZW5jb2RlX3RhZyI6InByb2ZpbGVfcGljLmRqYW5nby4xMDgwLmMyIn0&_nc_ht=instagram.fjog5-1.fna.fbcdn.net&_nc_cat=102&_nc_oc=Q6cZ2QHMRFk7oEDU9rw8gMR03b-nnzTCK5LUdYZhx9fnmJWAM4kNSbjfDScQ_IQnucgKe-k&_nc_ohc=pYJWGf8rqWkQ7kNvwFOHvQQ&_nc_gid=r5_NQd82LyyiBDcsNFDO1g&edm=AI-cjbYBAAAA&ccb=7-5&oh=00_AfSH8ufkyM1kvBVjFa1HEH8uMkMoa0WFFUKjt-uWtzyohA&oe=6891870C&_nc_sid=0985b0";"cie jadi pahlawan y wo";"4460998941";"eilishviana_"
"18134609224426973";"1753979156";"https://instagram.fjog5-1.fna.fbcdn.net/v/t51.2885-19/499131794_18511949512007390_5947701559465799587_n.jpg?stp=dst-jpg_s150x150_tt6&efg=eyJ2ZW5jb2RlX3RhZyI6InByb2ZpbGVfcGljLmRqYW5nby4xMDgwLmMyIn0&_nc_ht=instagram.fjog5-1.fna.fbcdn.net&_nc_cat=102&_nc_oc=Q6cZ2QHMRFk7oEDU9rw8gMR03b-nnzTCK5LUdYZhx9fnmJWAM4kNSbjfDScQ_IQnucgKe-k&_nc_ohc=WE8LDDXrnQQQ7kNvwEPlgXk&_nc_gid=r5_NQd82LyyiBDcsNFDO1g&edm=AI-cjbYBAAAA&ccb=7-5&oh=00_AfTexAt-Ngdg0it91y7U5M9EG-3FsvncpXz1tyMEFszphQ&oe=68917038&_nc_sid=0985b0";"Peninglah";"1442375389";"juny.panggabean"
"18375827254182951";"1753979171";"https://instagram.fjog5-1.fna.fbcdn.net/v/t51.2885-19/470163449_1314107016441006_8194084270849101927_n.jpg?stp=dst-jpg_s150x150_tt6&efg=eyJ2ZW5jb2RlX3RhZyI6InByb2ZpbGVfcGljLmRqYW5nby43MjAuYzIifQ&_nc_ht=instagram.fjog5-1.fna.fbcdn.net&_nc_cat=106&_nc_oc=Q6cZ2QHMRFk7oEDU9rw8gMR03b-nnzTCK5LUdYZhx9fnmJWAM4kNSbjfDScQ_IQnucgKe-k&_nc_ohc=ITd8Yk7xJlMQ7kNvwE6qZcA&_nc_gid=r5_NQd82LyyiBDcsNFDO1g&edm=AI-cjbYBAAAA&ccb=7-5&oh=00_AfTQGsigLxmFc59ykpsMeJg57cR9rNc93f-ypnGbgOO5xQ&oe=68918CCF&_nc_sid=0985b0";"enteng bat tuu ngetiknya wkwkw";"4221935369";"fzn.azhm"
"18093051055561340";"1753979173";"https://instagram.fjog5-1.fna.fbcdn.net/v/t51.2885-19/491495417_1439465997035427_1101962497344186483_n.jpg?stp=dst-jpg_s150x150_tt6&efg=eyJ2ZW5jb2RlX3RhZyI6InByb2ZpbGVfcGljLmRqYW5nby4xMDY1LmMyIn0&_nc_ht=instagram.fjog5-1.fna.fbcdn.net&_nc_cat=103&_nc_oc=Q6cZ2QHMRFk7oEDU9rw8gMR03b-nnzTCK5LUdYZhx9fnmJWAM4kNSbjfDScQ_IQnucgKe-k&_nc_ohc=2aafeNWtGmAQ7kNvwHlJsom&_nc_gid=r5_NQd82LyyiBDcsNFDO1g&edm=AI-cjbYBAAAA&ccb=7-5&oh=00_AfQsdD7N4kHPlzuGTMp0RzeaK_U7ThB_T33-hOpV8Q-XAw&oe=68919629&_nc_sid=0985b0";"Dibiarin salah, abolisi salah🔥";"60662076496";"irwn.abimaa"
"17858932494461624";"1753979175";"https://instagram.fjog5-1.fna.fbcdn.net/v/t51.2885-19/225879794_184989710347343_3392720289369206241_n.jpg?stp=dst-jpg_s150x150_tt6&efg=eyJ2ZW5jb2RlX3RhZyI6InByb2ZpbGVfcGljLmRqYW5nby42ODIuYzIifQ&_nc_ht=instagram.fjog5-1.fna.fbcdn.net&_nc_cat=111&_nc_oc=Q6cZ2QHMRFk7oEDU9rw8gMR03b-nnzTCK5LUdYZhx9fnmJWAM4kNSbjfDScQ_IQnucgKe-k&_nc_ohc=yeGxBhUZ4dcQ7kNvwGwLK5K&_nc_gid=r5_NQd82LyyiBDcsNFDO1g&edm=AI-cjbYBAAAA&ccb=7-5&oh=00_AfQK3t4MRcm_BwNLBI4IWeFew844BGC2mjlU62y5r14_VA&oe=68917D23&_nc_sid=0985b0";"Presiden yg takut ama buzzer oposisi 😂";"40395878221";"__imagod"
"18076345891771316";"1753979203";"https://instagram.fjog5-1.fna.fbcdn.net/v/t51.2885-19/491893108_17863114941390373_2223208018288035977_n.jpg?stp=dst-jpg_s150x150_tt6&efg=eyJ2ZW5jb2RlX3RhZyI6InByb2ZpbGVfcGljLmRqYW5nby4xMDgwLmMyIn0&_nc_ht=instagram.fjog5-1.fna.fbcdn.net&_nc_cat=101&_nc_oc=Q6cZ2QHMRFk7oEDU9rw8gMR03b-nnzTCK5LUdYZhx9fnmJWAM4kNSbjfDScQ_IQnucgKe-k&_nc_ohc=b2hZtfAMKvgQ7kNvwHU-Kqn&_nc_gid=r5_NQd82LyyiBDcsNFDO1g&edm=AI-cjbYBAAAA&ccb=7-5&oh=00_AfSFY7bic61vmN-fl416DNAUMvxONCa8NAYYMttonibvZA&oe=6891868F&_nc_sid=0985b0";"Assalamualaikum Maaf Sebelumnya Saya izin minta bantuan beli Beras utk makan anak saya...motor sya di tarik lising jadi gabisa narik, niat daftar grab Motor Lstrik tapi blum ada uangnya,, keluarga gada yg bisa dimintai tolong..Siapa tau ada yg bisa bantu,, brapapun saya terima.. saya bingung minta bantuan ke siapa lagi,,, nanti saya ganti kalo udah bisa narik lgi kasian anak sya nangis trus..Saya siap video call nujukin ktp. Ini no gopay/ovo saya barangkali ada orng baik (082123127354) terimakasih semoga murah rezeki selalu 🙏";"71567046372";"herisukatmmi"
"18094974457719587";"1753979206";"https://instagram.fjog5-1.fna.fbcdn.net/v/t51.2885-19/525050372_18070463975048306_1386029561743359500_n.jpg?stp=dst-jpg_s150x150_tt6&efg=eyJ2ZW5jb2RlX3RhZyI6InByb2ZpbGVfcGljLmRqYW5nby4xMDgwLmMyIn0&_nc_ht=instagram.fjog5-1.fna.fbcdn.net&_nc_cat=102&_nc_oc=Q6cZ2QHMRFk7oEDU9rw8gMR03b-nnzTCK5LUdYZhx9fnmJWAM4kNSbjfDScQ_IQnucgKe-k&_nc_ohc=KyYGZ3mWtpAQ7kNvwHpVGDa&_nc_gid=r5_NQd82LyyiBDcsNFDO1g&edm=AI-cjbYBAAAA&ccb=7-5&oh=00_AfTAA67kH2k7_6mcikH7SIF374m1jxcDGgDNTCjPE0wzeA&oe=68919E23&_nc_sid=0985b0";"sebuah siklus";"31616824305";"mhmdfath77"
"18076751152820027";"1753979207";"https://instagram.fjog5-1.fna.fbcdn.net/v/t51.2885-19/484010000_1340102327286526_5831315853611555310_n.jpg?stp=dst-jpg_s150x150_tt6&efg=eyJ2ZW5jb2RlX3RhZyI6InByb2ZpbGVfcGljLmRqYW5nby43MzYuYzIifQ&_nc_ht=instagram.fjog5-1.fna.fbcdn.net&_nc_cat=110&_nc_oc=Q6cZ2QHMRFk7oEDU9rw8gMR03b-nnzTCK5LUdYZhx9fnmJWAM4kNSbjfDScQ_IQnucgKe-k&_nc_ohc=TGMUNPZpjYkQ7kNvwGL3vvO&_nc_gid=r5_NQd82LyyiBDcsNFDO1g&edm=AI-cjbYBAAAA&ccb=7-5&oh=00_AfSVR9-8xn1Na8JGbYuPrCrxuPCbdW-9Qm9YQCTG8O-pOQ&oe=689182A1&_nc_sid=0985b0";"rispek pak @prabowo. meskipun tahun lalu tidak di barisan mu. tetapi kau tetap tegak membela kebenaran. HIDUP JOKO..";"49067543244";"gibruy"
"18116173429493489";"1753979207";"https://instagram.fjog5-1.fna.fbcdn.net/v/t51.2885-19/521590816_18399745051114556_4703258232772004015_n.jpg?stp=dst-jpg_s150x150_tt6&efg=eyJ2ZW5jb2RlX3RhZyI6InByb2ZpbGVfcGljLmRqYW5nby4zMjAuYzIifQ&_nc_ht=instagram.fjog5-1.fna.fbcdn.net&_nc_cat=108&_nc_oc=Q6cZ2QHMRFk7oEDU9rw8gMR03b-nnzTCK5LUdYZhx9fnmJWAM4kNSbjfDScQ_IQnucgKe-k&_nc_ohc=ckFgoOwhth0Q7kNvwFW-d3Y&_nc_gid=r5_NQd82LyyiBDcsNFDO1g&edm=AI-cjbYBAAAA&ccb=7-5&oh=00_AfR0UxmEI3dW5mSUoz08SxnXFXQZiG3bkGrR8UZYdyAONg&oe=68919515&_nc_sid=0985b0";"sudah waktunya jadi pahlawan";"3542794555";"ffauzannnn_"
"17865535815430481";"1753979217";"https://instagram.fjog5-1.fna.fbcdn.net/v/t51.2885-19/102719238_260521261907464_4035802315114903200_n.jpg?stp=dst-jpg_s150x150_tt6&efg=eyJ2ZW5jb2RlX3RhZyI6InByb2ZpbGVfcGljLmRqYW5nby4xMDgwLmMyIn0&_nc_ht=instagram.fjog5-1.fna.fbcdn.net&_nc_cat=104&_nc_oc=Q6cZ2QHMRFk7oEDU9rw8gMR03b-nnzTCK5LUdYZhx9fnmJWAM4kNSbjfDScQ_IQnucgKe-k&_nc_ohc=MDRhI7Y-JVYQ7kNvwGKmPC-&_nc_gid=r5_NQd82LyyiBDcsNFDO1g&edm=AI-cjbYBAAAA&ccb=7-5&oh=00_AfTaG1aOeef5m5Kr-zS45mk5gHs2-fNAG2iom85SO4OGjA&oe=68916AFF&_nc_sid=0985b0";"anda sopan kami curiga";"4303627973";"acilrmra"
"18073022240054354";"1753979226";"https://instagram.fcjb5-2.fna.fbcdn.net/v/t51.2885-19/464760996_1254146839119862_3605321457742435801_n.png?stp=dst-jpg_e0_s150x150_tt6&cb=8577c754-c2464923&efg=eyJ2ZW5jb2RlX3RhZyI6InByb2ZpbGVfcGljLmRqYW5nby4xNTAuYzIifQ&_nc_ht=instagram.fcjb5-2.fna.fbcdn.net&_nc_cat=1&_nc_oc=Q6cZ2QHvl40Qy-uG04BSxN18gJEOPRo2SWklKziaP51S2M_aKBhxsXKQ84yCR9b12fF-O5M0bAjyCqd-CPyNN8Sc3zVX&_nc_ohc=cmGW-gSOmkoQ7kNvwFWus1v&_nc_gid=rj5AeQYIZE0GXGwThMAdEg&edm=ALlQn9MBAAAA&ccb=7-5&ig_cache_key=YW5vbnltb3VzX3Byb2ZpbGVfcGlj.3-ccb7-5-cb8577c754-c2464923&oh=00_AfRoGgMfyvgixIqJ13eoWj2fDWmRdpUvMGqjTo9ptAhlRQ&oe=689174E8&_nc_sid=e7f676";"@factual.id tsunami fakta bung 🌊🌊🌊";"42114931843";"rizki__nugraha_"
"18074435683825349";"1753979282";"https://instagram.fjog5-1.fna.fbcdn.net/v/t51.2885-19/398703986_837498554841768_828183481177046292_n.jpg?stp=dst-jpg_s150x150_tt6&efg=eyJ2ZW5jb2RlX3RhZyI6InByb2ZpbGVfcGljLmRqYW5nby4xMDgwLmMyIn0&_nc_ht=instagram.fjog5-1.fna.fbcdn.net&_nc_cat=100&_nc_oc=Q6cZ2QHMRFk7oEDU9rw8gMR03b-nnzTCK5LUdYZhx9fnmJWAM4kNSbjfDScQ_IQnucgKe-k&_nc_ohc=XdZyD06LXbYQ7kNvwGSXenu&_nc_gid=r5_NQd82LyyiBDcsNFDO1g&edm=AI-cjbYBAAAA&ccb=7-5&oh=00_AfRWqXZQZzATx0pO_ELBYFusk-cHeino148mjlidT44JIQ&oe=68916F70&_nc_sid=0985b0";"Hidup jok";"1669016192";"rakaadi.putra"
"18077897842945455";"1753979296";"https://instagram.fjog5-1.fna.fbcdn.net/v/t51.2885-19/493742722_18023797427689966_7912989531056204408_n.jpg?stp=dst-jpg_s150x150_tt6&efg=eyJ2ZW5jb2RlX3RhZyI6InByb2ZpbGVfcGljLmRqYW5nby4xMDgwLmMyIn0&_nc_ht=instagram.fjog5-1.fna.fbcdn.net&_nc_cat=110&_nc_oc=Q6cZ2QHMRFk7oEDU9rw8gMR03b-nnzTCK5LUdYZhx9fnmJWAM4kNSbjfDScQ_IQnucgKe-k&_nc_ohc=ErIBDzoZxzEQ7kNvwHUH3FF&_nc_gid=r5_NQd82LyyiBDcsNFDO1g&edm=AI-cjbYBAAAA&ccb=7-5&oh=00_AfSjL98MrKCWKlPzbilg39SELVm9XMflwmFP5AzusmYarw&oe=68918172&_nc_sid=0985b0";"skenario yang mulus, tapi rakyatnya udah pada tau";"50820449965";"aquaseppppp"
"18053826965138293";"1753979300";"https://instagram.fjog5-1.fna.fbcdn.net/v/t51.2885-19/453495401_359914310466228_3325859567627601936_n.jpg?stp=dst-jpg_s150x150_tt6&efg=eyJ2ZW5jb2RlX3RhZyI6InByb2ZpbGVfcGljLmRqYW5nby43MjAuYzIifQ&_nc_ht=instagram.fjog5-1.fna.fbcdn.net&_nc_cat=100&_nc_oc=Q6cZ2QHMRFk7oEDU9rw8gMR03b-nnzTCK5LUdYZhx9fnmJWAM4kNSbjfDScQ_IQnucgKe-k&_nc_ohc=FfEoDFxkn54Q7kNvwFfALe0&_nc_gid=r5_NQd82LyyiBDcsNFDO1g&edm=AI-cjbYBAAAA&ccb=7-5&oh=00_AfSlDxWnOjkgEkqpQ7PcsL6K34Ztc3mzvM42w3CJprfH6A&oe=6891902C&_nc_sid=0985b0";"Huh finally something good";"27245173094";"masterfahrii"
"17884404711344803";"1753979304";"https://instagram.fjog5-1.fna.fbcdn.net/v/t51.2885-19/458799887_483077654497816_3032552405321377086_n.jpg?stp=dst-jpg_s150x150_tt6&efg=eyJ2ZW5jb2RlX3RhZyI6InByb2ZpbGVfcGljLmRqYW5nby42NDMuYzIifQ&_nc_ht=instagram.fjog5-1.fna.fbcdn.net&_nc_cat=104&_nc_oc=Q6cZ2QHMRFk7oEDU9rw8gMR03b-nnzTCK5LUdYZhx9fnmJWAM4kNSbjfDScQ_IQnucgKe-k&_nc_ohc=qf6e0UmmIMYQ7kNvwGnyiZa&_nc_gid=r5_NQd82LyyiBDcsNFDO1g&edm=AI-cjbYBAAAA&ccb=7-5&oh=00_AfRcyIM3DBAs6oNk3qBD7A1mgGGZyo7PyN1TtwusblsHlA&oe=689187F4&_nc_sid=0985b0";"Wihhhhh pahlawan nih 😂🤣";"6066424675";"niarmahera_"
"18054597257454435";"1753979318";"https://instagram.fjog5-1.fna.fbcdn.net/v/t51.2885-19/405806117_1074300887344611_5565612207053098227_n.jpg?stp=dst-jpg_s150x150_tt6&efg=eyJ2ZW5jb2RlX3RhZyI6InByb2ZpbGVfcGljLmRqYW5nby4xMDgwLmMyIn0&_nc_ht=instagram.fjog5-1.fna.fbcdn.net&_nc_cat=103&_nc_oc=Q6cZ2QHMRFk7oEDU9rw8gMR03b-nnzTCK5LUdYZhx9fnmJWAM4kNSbjfDScQ_IQnucgKe-k&_nc_ohc=ld4H5LTUDLwQ7kNvwG8KD80&_nc_gid=r5_NQd82LyyiBDcsNFDO1g&edm=AI-cjbYBAAAA&ccb=7-5&oh=00_AfSYjRWpMzXUjUxuN2RcPq2AGjj6iK_N9VIb3vVc4Ldxsw&oe=6891887C&_nc_sid=0985b0";"Pak @prabowo habis ini bikin keterangan pers dong, kita mau tau siapa biang gaduhnya. Biar kita semua ga nuduh bapak klo ini semua masuk dalam skenario "pahlawan".";"404933662";"rezkysukiman"
"18391957489141420";"1753979327";"https://instagram.fjog5-1.fna.fbcdn.net/v/t51.2885-19/475155841_503091229474258_2202819323478223237_n.jpg?stp=dst-jpg_s150x150_tt6&efg=eyJ2ZW5jb2RlX3RhZyI6InByb2ZpbGVfcGljLmRqYW5nby4xMDgwLmMyIn0&_nc_ht=instagram.fjog5-1.fna.fbcdn.net&_nc_cat=110&_nc_oc=Q6cZ2QHMRFk7oEDU9rw8gMR03b-nnzTCK5LUdYZhx9fnmJWAM4kNSbjfDScQ_IQnucgKe-k&_nc_ohc=-oCmGbPWFvwQ7kNvwHktUNC&_nc_gid=r5_NQd82LyyiBDcsNFDO1g&edm=AI-cjbYBAAAA&ccb=7-5&oh=00_AfS02Qm7u0m_ipp11lMOLPb2VNhSqf4uN1XAAEyblz24TQ&oe=689167FF&_nc_sid=0985b0";"@factual.id aduh silau banget";"4011242506";"dimasadityo04"
"18028491032695682";"1753979363";"https://instagram.fjog5-1.fna.fbcdn.net/v/t51.2885-19/525868822_18070663178106093_1507328578002414579_n.jpg?stp=dst-jpg_s150x150_tt6&efg=eyJ2ZW5jb2RlX3RhZyI6InByb2ZpbGVfcGljLmRqYW5nby4xMDgwLmMyIn0&_nc_ht=instagram.fjog5-1.fna.fbcdn.net&_nc_cat=109&_nc_oc=Q6cZ2QHMRFk7oEDU9rw8gMR03b-nnzTCK5LUdYZhx9fnmJWAM4kNSbjfDScQ_IQnucgKe-k&_nc_ohc=1pKIIp35W_QQ7kNvwE0LvUR&_nc_gid=r5_NQd82LyyiBDcsNFDO1g&edm=AI-cjbYBAAAA&ccb=7-5&oh=00_AfQxJXlEmM0yvB81KdZZ8mee_0jz9pLzsNDmVi-4MiVrFg&oe=68919226&_nc_sid=0985b0";"gilakkk... presidenku keputusan nya emng selalu top & tegas🫡";"33312994092";"ryansyah.t"
"18035419661660916";"1753979376";"https://instagram.fjog5-1.fna.fbcdn.net/v/t51.2885-19/477380450_1789160685215087_8660158433011282996_n.jpg?stp=dst-jpg_s150x150_tt6&efg=eyJ2ZW5jb2RlX3RhZyI6InByb2ZpbGVfcGljLmRqYW5nby4xMDgwLmMyIn0&_nc_ht=instagram.fjog5-1.fna.fbcdn.net&_nc_cat=111&_nc_oc=Q6cZ2QHMRFk7oEDU9rw8gMR03b-nnzTCK5LUdYZhx9fnmJWAM4kNSbjfDScQ_IQnucgKe-k&_nc_ohc=25vS-9j0q88Q7kNvwE3YyWA&_nc_gid=r5_NQd82LyyiBDcsNFDO1g&edm=AI-cjbYBAAAA&ccb=7-5&oh=00_AfTMC1rCGZ7xzD2FxN1sg5xZYGfc_LVT3XhPN7lq_Dzmww&oe=68918018&_nc_sid=0985b0";"";"56555338796";"liatsampahambil"
"18060000653345988";"1753979409";"https://instagram.fjog5-1.fna.fbcdn.net/v/t51.2885-19/429868277_248772794955370_2053178645673300937_n.jpg?stp=dst-jpg_s150x150_tt6&efg=eyJ2ZW5jb2RlX3RhZyI6InByb2ZpbGVfcGljLmRqYW5nby43MTUuYzIifQ&_nc_ht=instagram.fjog5-1.fna.fbcdn.net&_nc_cat=110&_nc_oc=Q6cZ2QHMRFk7oEDU9rw8gMR03b-nnzTCK5LUdYZhx9fnmJWAM4kNSbjfDScQ_IQnucgKe-k&_nc_ohc=XpPWXK7UreoQ7kNvwHgBc_y&_nc_gid=r5_NQd82LyyiBDcsNFDO1g&edm=AI-cjbYBAAAA&ccb=7-5&oh=00_AfT8wbLVQPv0yvIb78Q6beoxKX-P-Nqnez6BaHkM8w46Ww&oe=68918C83&_nc_sid=0985b0";"@factual.id keren nih literasinya, Autofollow min 🔥";"63792916504";"kinderjoy_uwu"
"17874874539282771";"1753979422";"https://instagram.fjog5-1.fna.fbcdn.net/v/t51.2885-19/502375681_18507167869059294_5106125101325422869_n.jpg?stp=dst-jpg_s150x150_tt6&efg=eyJ2ZW5jb2RlX3RhZyI6InByb2ZpbGVfcGljLmRqYW5nby42MjAuYzIifQ&_nc_ht=instagram.fjog5-1.fna.fbcdn.net&_nc_cat=106&_nc_oc=Q6cZ2QHMRFk7oEDU9rw8gMR03b-nnzTCK5LUdYZhx9fnmJWAM4kNSbjfDScQ_IQnucgKe-k&_nc_ohc=eRfAH7W_cNQQ7kNvwFJHw_I&_nc_gid=r5_NQd82LyyiBDcsNFDO1g&edm=AI-cjbYBAAAA&ccb=7-5&oh=00_AfTYnb3kPB_EbbVyO-8Wa2UgTCrlcN7Jdmn_uQV_bwMFtg&oe=68919AB9&_nc_sid=0985b0";"Pahlawan siapp";"1903675293";"syachril__________"
"17939848389021825";"1753979436";"https://instagram.fjog5-1.fna.fbcdn.net/v/t51.2885-19/347504203_738878321570663_2510831979916636867_n.jpg?stp=dst-jpg_s150x150_tt6&efg=eyJ2ZW5jb2RlX3RhZyI6InByb2ZpbGVfcGljLmRqYW5nby4zMjAuYzIifQ&_nc_ht=instagram.fjog5-1.fna.fbcdn.net&_nc_cat=111&_nc_oc=Q6cZ2QHMRFk7oEDU9rw8gMR03b-nnzTCK5LUdYZhx9fnmJWAM4kNSbjfDScQ_IQnucgKe-k&_nc_ohc=dS7SEw8P3rIQ7kNvwGTTGoL&_nc_gid=r5_NQd82LyyiBDcsNFDO1g&edm=AI-cjbYBAAAA&ccb=7-5&oh=00_AfR_vIWXN7Nz2JoBqK0MHihgtc2aKAAfYV1z0NxPzHWCxA&oe=68918421&_nc_sid=0985b0";"Kapten kita datang 😂";"3937068347";"mdprastyo"
"18066769802172516";"1753979469";"https://instagram.fjog5-1.fna.fbcdn.net/v/t51.2885-19/497651938_18139444642398873_4864823464227107800_n.jpg?stp=dst-jpg_s150x150_tt6&efg=eyJ2ZW5jb2RlX3RhZyI6InByb2ZpbGVfcGljLmRqYW5nby44NjQuYzIifQ&_nc_ht=instagram.fjog5-1.fna.fbcdn.net&_nc_cat=109&_nc_oc=Q6cZ2QHMRFk7oEDU9rw8gMR03b-nnzTCK5LUdYZhx9fnmJWAM4kNSbjfDScQ_IQnucgKe-k&_nc_ohc=BKjcsphW134Q7kNvwE0hAIo&_nc_gid=r5_NQd82LyyiBDcsNFDO1g&edm=AI-cjbYBAAAA&ccb=7-5&oh=00_AfTdbs2FxPdeJRBf7I6tMh1yuzfgZqLHqIdLI-QWaZQG6Q&oe=68917CC7&_nc_sid=0985b0";"";"11837174872";"faesal_gunawan"
"18069006266136245";"1753979602";"https://instagram.fjog5-1.fna.fbcdn.net/v/t51.2885-19/491898425_18496554502052260_6461727893175105211_n.jpg?stp=dst-jpg_s150x150_tt6&efg=eyJ2ZW5jb2RlX3RhZyI6InByb2ZpbGVfcGljLmRqYW5nby4xMDgwLmMyIn0&_nc_ht=instagram.fjog5-1.fna.fbcdn.net&_nc_cat=104&_nc_oc=Q6cZ2QHMRFk7oEDU9rw8gMR03b-nnzTCK5LUdYZhx9fnmJWAM4kNSbjfDScQ_IQnucgKe-k&_nc_ohc=KQ5wKFs_bewQ7kNvwGAbYLZ&_nc_gid=r5_NQd82LyyiBDcsNFDO1g&edm=AI-cjbYBAAAA&ccb=7-5&oh=00_AfSuyuQi9BVduj9QVd3PZ7pnuKU_KGsT92YFkZPnLouP_w&oe=6891769D&_nc_sid=0985b0";"Ada deal dealan apa yah? 😂";"33012259";"rkadiueo"
"17854281486493214";"1753979606";"https://instagram.fjog5-1.fna.fbcdn.net/v/t51.2885-19/119559836_2464888290476270_6922553658988728571_n.jpg?stp=dst-jpg_s150x150_tt6&efg=eyJ2ZW5jb2RlX3RhZyI6InByb2ZpbGVfcGljLmRqYW5nby4xMDgwLmMyIn0&_nc_ht=instagram.fjog5-1.fna.fbcdn.net&_nc_cat=102&_nc_oc=Q6cZ2QHMRFk7oEDU9rw8gMR03b-nnzTCK5LUdYZhx9fnmJWAM4kNSbjfDScQ_IQnucgKe-k&_nc_ohc=ebIGerdbAYYQ7kNvwHND5FW&_nc_gid=r5_NQd82LyyiBDcsNFDO1g&edm=AI-cjbYBAAAA&ccb=7-5&oh=00_AfRjyyC8kLnpKUl5FqLei_NcR2bHLmfxKBea5Mj3b6koXg&oe=68918B2E&_nc_sid=0985b0";"Biar di kata pahlawan lagi😂";"2957699841";"afaqihm23"
"18078863203901937";"1753979617";"https://instagram.fjog5-1.fna.fbcdn.net/v/t51.2885-19/480914715_18381393400112295_8505110210433731466_n.jpg?stp=dst-jpg_s150x150_tt6&efg=eyJ2ZW5jb2RlX3RhZyI6InByb2ZpbGVfcGljLmRqYW5nby44NjQuYzIifQ&_nc_ht=instagram.fjog5-1.fna.fbcdn.net&_nc_cat=103&_nc_oc=Q6cZ2QHMRFk7oEDU9rw8gMR03b-nnzTCK5LUdYZhx9fnmJWAM4kNSbjfDScQ_IQnucgKe-k&_nc_ohc=fobxDagdXsAQ7kNvwFvxlZU&_nc_gid=r5_NQd82LyyiBDcsNFDO1g&edm=AI-cjbYBAAAA&ccb=7-5&oh=00_AfSGbcx5Blcmw3j3G0Ezem8SNP8XdLCj-f6P5aSyCGGA2Q&oe=68919BE2&_nc_sid=0985b0";"Hero kah?";"3516624294";"safirarosa16"
"18037636319401047";"1753979628";"https://instagram.fjog5-1.fna.fbcdn.net/v/t51.2885-19/476885309_631072592935996_6606095927228400609_n.jpg?stp=dst-jpg_s150x150_tt6&efg=eyJ2ZW5jb2RlX3RhZyI6InByb2ZpbGVfcGljLmRqYW5nby4xMDgwLmMyIn0&_nc_ht=instagram.fjog5-1.fna.fbcdn.net&_nc_cat=104&_nc_oc=Q6cZ2QHMRFk7oEDU9rw8gMR03b-nnzTCK5LUdYZhx9fnmJWAM4kNSbjfDScQ_IQnucgKe-k&_nc_ohc=Eh0ba7oomvUQ7kNvwHNOBRR&_nc_gid=r5_NQd82LyyiBDcsNFDO1g&edm=AI-cjbYBAAAA&ccb=7-5&oh=00_AfR-sELU2gTgbRH0t7jpD8J1wX_yAXAboubhCsN6N7huwQ&oe=68916C70&_nc_sid=0985b0";"Kecewa 😞";"527528356";"sriwahyuni_sry"
"17872991856401169";"1753979662";"https://instagram.fjog5-1.fna.fbcdn.net/v/t51.2885-19/324926134_844986826559561_7338357079226103153_n.jpg?stp=dst-jpg_s150x150_tt6&efg=eyJ2ZW5jb2RlX3RhZyI6InByb2ZpbGVfcGljLmRqYW5nby40NjkuYzIifQ&_nc_ht=instagram.fjog5-1.fna.fbcdn.net&_nc_cat=105&_nc_oc=Q6cZ2QHMRFk7oEDU9rw8gMR03b-nnzTCK5LUdYZhx9fnmJWAM4kNSbjfDScQ_IQnucgKe-k&_nc_ohc=VDlnttBgMNEQ7kNvwFsmAar&_nc_gid=r5_NQd82LyyiBDcsNFDO1g&edm=AI-cjbYBAAAA&ccb=7-5&oh=00_AfSQtxvB08fcTrhHOvHLnWisLFNZzCz5CNKlXOYIqKw3hA&oe=68919F29&_nc_sid=0985b0";"itu tandanya dia tetap salah gak sih?";"46851468022";"sudden.absence"
"18071426774097599";"1753979662";"https://instagram.fjog5-1.fna.fbcdn.net/v/t51.2885-19/516612626_18489049453064384_2757681783810596439_n.jpg?stp=dst-jpg_s150x150_tt6&efg=eyJ2ZW5jb2RlX3RhZyI6InByb2ZpbGVfcGljLmRqYW5nby4xMDgwLmMyIn0&_nc_ht=instagram.fjog5-1.fna.fbcdn.net&_nc_cat=108&_nc_oc=Q6cZ2QHMRFk7oEDU9rw8gMR03b-nnzTCK5LUdYZhx9fnmJWAM4kNSbjfDScQ_IQnucgKe-k&_nc_ohc=zhQJmFxPdBAQ7kNvwF_hA-Q&_nc_gid=r5_NQd82LyyiBDcsNFDO1g&edm=AI-cjbYBAAAA&ccb=7-5&oh=00_AfQnRjlvexs4lgWDaFGecfrMEVF-x9KCk1a1jDG1H7EbMA&oe=68916F34&_nc_sid=0985b0";"@ardyansyaharya WKWKWKWK";"1983712383";"junita_sarah"
"18068730728279241";"1753979692";"https://instagram.fjog5-1.fna.fbcdn.net/v/t51.2885-19/524927880_18522474952004111_7063694232298008466_n.jpg?stp=dst-jpg_s150x150_tt6&efg=eyJ2ZW5jb2RlX3RhZyI6InByb2ZpbGVfcGljLmRqYW5nby4xMDgwLmMyIn0&_nc_ht=instagram.fjog5-1.fna.fbcdn.net&_nc_cat=111&_nc_oc=Q6cZ2QHMRFk7oEDU9rw8gMR03b-nnzTCK5LUdYZhx9fnmJWAM4kNSbjfDScQ_IQnucgKe-k&_nc_ohc=2XgUoRqWGRoQ7kNvwGgSkpi&_nc_gid=r5_NQd82LyyiBDcsNFDO1g&edm=AI-cjbYBAAAA&ccb=7-5&oh=00_AfQqfCW6wX4BBk-2DdusmiVdgOnV1pDVdjpeVaCYMR2SOw&oe=68918B50&_nc_sid=0985b0";"Sekenario?";"359684110";"yunusmuhamaddd"
"18064179002237437";"1753979777";"https://instagram.fjog5-1.fna.fbcdn.net/v/t51.2885-19/497897020_18005568812777638_761171445563193821_n.jpg?stp=dst-jpg_s150x150_tt6&efg=eyJ2ZW5jb2RlX3RhZyI6InByb2ZpbGVfcGljLmRqYW5nby45ODMuYzIifQ&_nc_ht=instagram.fjog5-1.fna.fbcdn.net&_nc_cat=110&_nc_oc=Q6cZ2QHMRFk7oEDU9rw8gMR03b-nnzTCK5LUdYZhx9fnmJWAM4kNSbjfDScQ_IQnucgKe-k&_nc_ohc=5LCDm6gbu2kQ7kNvwGulw5n&_nc_gid=r5_NQd82LyyiBDcsNFDO1g&edm=AI-cjbYBAAAA&ccb=7-5&oh=00_AfTht0LVQT5lMKblFgOCc065hi6nl7y8Qg9iIasUf-l98g&oe=68919C02&_nc_sid=0985b0";"Heleh, Carmuk nih ?";"53337089637";"ekamaraniii"
"17882247693354782";"1753979787";"https://instagram.fjog5-1.fna.fbcdn.net/v/t51.2885-19/182154914_464720358124545_3541234463839971779_n.jpg?stp=dst-jpg_s150x150_tt6&efg=eyJ2ZW5jb2RlX3RhZyI6InByb2ZpbGVfcGljLmRqYW5nby40ODUuYzIifQ&_nc_ht=instagram.fjog5-1.fna.fbcdn.net&_nc_cat=109&_nc_oc=Q6cZ2QHMRFk7oEDU9rw8gMR03b-nnzTCK5LUdYZhx9fnmJWAM4kNSbjfDScQ_IQnucgKe-k&_nc_ohc=zmLmxByckj4Q7kNvwFO7oxx&_nc_gid=r5_NQd82LyyiBDcsNFDO1g&edm=AI-cjbYBAAAA&ccb=7-5&oh=00_AfTjKXh-etX1RiEeSCrilLXr6m4mOrVoUdOI5DlVuFVPlA&oe=68919271&_nc_sid=0985b0";"Kalo masih persidangan awal si masih logik deh, lah ini udah 20 persidangan.... Dari awal aja udah ga nemu salahnya dimana.. ini si takut Jokowi di paksa jadi saksi kalo ada banding.. kabarnya bisa kelar semua 😂";"3195816937";"arham_2303"
"17964371078944557";"1753979787";"https://instagram.fjog5-1.fna.fbcdn.net/v/t51.2885-19/483375104_1148033163682280_3190310717514353298_n.jpg?stp=dst-jpg_s150x150_tt6&efg=eyJ2ZW5jb2RlX3RhZyI6InByb2ZpbGVfcGljLmRqYW5nby4xMDgwLmMyIn0&_nc_ht=instagram.fjog5-1.fna.fbcdn.net&_nc_cat=108&_nc_oc=Q6cZ2QHMRFk7oEDU9rw8gMR03b-nnzTCK5LUdYZhx9fnmJWAM4kNSbjfDScQ_IQnucgKe-k&_nc_ohc=V8C47VxNwMsQ7kNvwGbJvXM&_nc_gid=r5_NQd82LyyiBDcsNFDO1g&edm=AI-cjbYBAAAA&ccb=7-5&oh=00_AfQRC4YLrSay8sZ3ylwazTdiFVl7pDecfnGAKxaqJXi9cw&oe=68918DED&_nc_sid=0985b0";"Tapi seharusnya Pak Tom dimenangkan lewat memori banding… Kalau abolisi itu beda sekali; dibebaskan tapi catatan narapidana korupsinya masih ada sampai kapan pun. Jika Memori Banding dimenangkan Pak Tom dapat 4 hal:
(1) Ia dinyatakan bebas
(2) Nama baik secara hukum dipulihkan
(3) Tidak ada catatan sebagai narapidana korupsi
(4) Dapat Hak rehabilitasi nama baik berdasarkan Pasal 68 KUHAP.";"1788456694";"amarawindari"
"18074263576969936";"1753979804";"https://instagram.fjog5-1.fna.fbcdn.net/v/t51.2885-19/321992409_103439332605526_5873411986998436112_n.jpg?stp=dst-jpg_s150x150_tt6&efg=eyJ2ZW5jb2RlX3RhZyI6InByb2ZpbGVfcGljLmRqYW5nby4xMDgwLmMyIn0&_nc_ht=instagram.fjog5-1.fna.fbcdn.net&_nc_cat=110&_nc_oc=Q6cZ2QHMRFk7oEDU9rw8gMR03b-nnzTCK5LUdYZhx9fnmJWAM4kNSbjfDScQ_IQnucgKe-k&_nc_ohc=URYigkipQrsQ7kNvwG0D0SK&_nc_gid=r5_NQd82LyyiBDcsNFDO1g&edm=AI-cjbYBAAAA&ccb=7-5&oh=00_AfR4NjJ1LhR8-GZn6TSVhA2-WLcRjUvs9aCO5p7hLzb6NA&oe=6891830E&_nc_sid=0985b0";"kok power ranger lagi aje @prabowo";"3007200896";"emirsyahba"
"18092228362647881";"1753979805";"https://instagram.fjog5-1.fna.fbcdn.net/v/t51.2885-19/483375104_1148033163682280_3190310717514353298_n.jpg?stp=dst-jpg_s150x150_tt6&efg=eyJ2ZW5jb2RlX3RhZyI6InByb2ZpbGVfcGljLmRqYW5nby4xMDgwLmMyIn0&_nc_ht=instagram.fjog5-1.fna.fbcdn.net&_nc_cat=108&_nc_oc=Q6cZ2QHMRFk7oEDU9rw8gMR03b-nnzTCK5LUdYZhx9fnmJWAM4kNSbjfDScQ_IQnucgKe-k&_nc_ohc=V8C47VxNwMsQ7kNvwGbJvXM&_nc_gid=r5_NQd82LyyiBDcsNFDO1g&edm=AI-cjbYBAAAA&ccb=7-5&oh=00_AfQRC4YLrSay8sZ3ylwazTdiFVl7pDecfnGAKxaqJXi9cw&oe=68918DED&_nc_sid=0985b0";"Bantu like, biar jadi top komen dan banyak org tau guys🔥❤️";"1788456694";"amarawindari"
"18391955266185075";"1753979805";"https://instagram.fjog5-1.fna.fbcdn.net/v/t51.2885-19/521715040_18015285143684941_6552426328334863640_n.jpg?stp=dst-jpg_s150x150_tt6&efg=eyJ2ZW5jb2RlX3RhZyI6InByb2ZpbGVfcGljLmRqYW5nby4xMDgwLmMyIn0&_nc_ht=instagram.fjog5-1.fna.fbcdn.net&_nc_cat=101&_nc_oc=Q6cZ2QHMRFk7oEDU9rw8gMR03b-nnzTCK5LUdYZhx9fnmJWAM4kNSbjfDScQ_IQnucgKe-k&_nc_ohc=E82KIl6vrQYQ7kNvwGaPKAV&_nc_gid=r5_NQd82LyyiBDcsNFDO1g&edm=AI-cjbYBAAAA&ccb=7-5&oh=00_AfRZWGXWQZKeRvnP2D69uUhL9uhcf7XkwECEf18yvxgfxw&oe=689197CD&_nc_sid=0985b0";"@mhdthoyib_ udah yuk tidur capek bahasin pahlawan kesiangan eh kemaleman ding";"50402212940";"ariif.hidaayatt_"
"18057884312599867";"1753978958";"https://instagram.fjog5-1.fna.fbcdn.net/v/t51.2885-19/510001427_18347117572083606_2270285177532240708_n.jpg?stp=dst-jpg_s150x150_tt6&efg=eyJ2ZW5jb2RlX3RhZyI6InByb2ZpbGVfcGljLmRqYW5nby4xMDgwLmMyIn0&_nc_ht=instagram.fjog5-1.fna.fbcdn.net&_nc_cat=106&_nc_oc=Q6cZ2QHGglF-QiHnIFAUVQrx9pmH6w-W1DlITBlmkuvH5jBTl2sFBIWC78bZPHvChu5KEBA&_nc_ohc=VrWncGeDFdYQ7kNvwHaj4tj&_nc_gid=-18FMFA0chuxLJk0Gpnz1A&edm=AI-cjbYBAAAA&ccb=7-5&oh=00_AfTpw7KlNUfps7Rlavvkefnb7a6iO56YrivK4niA9m-rjw&oe=68916DD2&_nc_sid=0985b0";"definisi netizen bujang. diam salah,bergerak lebih salah";"2533539605";"edoartjoel"
"18061678139210694";"1753978987";"https://instagram.fjog5-1.fna.fbcdn.net/v/t51.2885-19/495530050_18476344801065940_5433686717319428805_n.jpg?stp=dst-jpg_s150x150_tt6&efg=eyJ2ZW5jb2RlX3RhZyI6InByb2ZpbGVfcGljLmRqYW5nby4xMDgwLmMyIn0&_nc_ht=instagram.fjog5-1.fna.fbcdn.net&_nc_cat=104&_nc_oc=Q6cZ2QHGglF-QiHnIFAUVQrx9pmH6w-W1DlITBlmkuvH5jBTl2sFBIWC78bZPHvChu5KEBA&_nc_ohc=z63yZFYPiQMQ7kNvwG3xqHZ&_nc_gid=-18FMFA0chuxLJk0Gpnz1A&edm=AI-cjbYBAAAA&ccb=7-5&oh=00_AfQUwczAQPZLIWWdnZS7Ci7lXJV6ChldgT1p7KMqUOcUpw&oe=68918EA9&_nc_sid=0985b0";"🤫";"2112081939";"arditaputr"
"17905768524197141";"1753979017";"https://instagram.fjog5-1.fna.fbcdn.net/v/t51.2885-19/491462004_1431509104937731_4275058891105689081_n.jpg?stp=dst-jpg_s150x150_tt6&efg=eyJ2ZW5jb2RlX3RhZyI6InByb2ZpbGVfcGljLmRqYW5nby45NDguYzIifQ&_nc_ht=instagram.fjog5-1.fna.fbcdn.net&_nc_cat=107&_nc_oc=Q6cZ2QHGglF-QiHnIFAUVQrx9pmH6w-W1DlITBlmkuvH5jBTl2sFBIWC78bZPHvChu5KEBA&_nc_ohc=6_H_Y-gcZJYQ7kNvwHIfWLJ&_nc_gid=-18FMFA0chuxLJk0Gpnz1A&edm=AI-cjbYBAAAA&ccb=7-5&oh=00_AfQpIHaFqM8IQJYBfDGw1b75BrKhLz6NIE-Dv-pVi09ErA&oe=68917CFD&_nc_sid=0985b0";"Biar jd pahlawan 👏👏👏";"319131067";"elayndari"
"18039638999372072";"1753979018";"https://instagram.fjog5-1.fna.fbcdn.net/v/t51.2885-19/525398856_18524491672063319_3345559475483109965_n.jpg?stp=dst-jpg_s150x150_tt6&efg=eyJ2ZW5jb2RlX3RhZyI6InByb2ZpbGVfcGljLmRqYW5nby4xMDgwLmMyIn0&_nc_ht=instagram.fjog5-1.fna.fbcdn.net&_nc_cat=111&_nc_oc=Q6cZ2QHGglF-QiHnIFAUVQrx9pmH6w-W1DlITBlmkuvH5jBTl2sFBIWC78bZPHvChu5KEBA&_nc_ohc=t6sBHiNPAqgQ7kNvwGv8Q52&_nc_gid=-18FMFA0chuxLJk0Gpnz1A&edm=AI-cjbYBAAAA&ccb=7-5&oh=00_AfQb9QJpzs3Z_yB5Jo5puFoMJGVeiXZT7AMBC8rO_iwFOw&oe=6891970C&_nc_sid=0985b0";"👏";"1226303318";"rizchywirayudha"
"18051796310404229";"1753979022";"https://instagram.fjog5-1.fna.fbcdn.net/v/t51.2885-19/500235601_18483514792066669_3442983558234877586_n.jpg?stp=dst-jpg_s150x150_tt6&efg=eyJ2ZW5jb2RlX3RhZyI6InByb2ZpbGVfcGljLmRqYW5nby4xMDgwLmMyIn0&_nc_ht=instagram.fjog5-1.fna.fbcdn.net&_nc_cat=101&_nc_oc=Q6cZ2QHGglF-QiHnIFAUVQrx9pmH6w-W1DlITBlmkuvH5jBTl2sFBIWC78bZPHvChu5KEBA&_nc_ohc=PrZYqQ51WYsQ7kNvwECQP1t&_nc_gid=-18FMFA0chuxLJk0Gpnz1A&edm=AI-cjbYBAAAA&ccb=7-5&oh=00_AfTTh63hzFRCySm8FGZJ0XFdRfkNw0zI19YBJQ7dgFl0TA&oe=68919918&_nc_sid=0985b0";"@edoartjoel emg tom lembong dari awal ga salah, tolol. Makanya baca berita binatang";"2131362668";"ix.ix.mmz"
"18117673372495194";"1753979033";"https://instagram.fjog5-1.fna.fbcdn.net/v/t51.2885-19/525688149_18379020196127675_3383292089985451012_n.jpg?stp=dst-jpg_s150x150_tt6&efg=eyJ2ZW5jb2RlX3RhZyI6InByb2ZpbGVfcGljLmRqYW5nby4xMDgwLmMyIn0&_nc_ht=instagram.fjog5-1.fna.fbcdn.net&_nc_cat=111&_nc_oc=Q6cZ2QHGglF-QiHnIFAUVQrx9pmH6w-W1DlITBlmkuvH5jBTl2sFBIWC78bZPHvChu5KEBA&_nc_ohc=W-34IlJb_eYQ7kNvwE4ZwIa&_nc_gid=-18FMFA0chuxLJk0Gpnz1A&edm=AI-cjbYBAAAA&ccb=7-5&oh=00_AfT1coGsklAjMyBoadqO23skKVJMq6JmQl0GkADCsy_wQw&oe=68919B2C&_nc_sid=0985b0";"PAHLAWAN KESIANGAN.";"3638991674";"ias.ha.oi"
"18332618311203565";"1753979035";"https://instagram.fjog5-1.fna.fbcdn.net/v/t51.2885-19/366927873_1444143103102134_8723064982798136869_n.jpg?stp=dst-jpg_s150x150_tt6&efg=eyJ2ZW5jb2RlX3RhZyI6InByb2ZpbGVfcGljLmRqYW5nby4xMDgwLmMyIn0&_nc_ht=instagram.fjog5-1.fna.fbcdn.net&_nc_cat=106&_nc_oc=Q6cZ2QHGglF-QiHnIFAUVQrx9pmH6w-W1DlITBlmkuvH5jBTl2sFBIWC78bZPHvChu5KEBA&_nc_ohc=aruOzYEwhMYQ7kNvwG4tA8X&_nc_gid=-18FMFA0chuxLJk0Gpnz1A&edm=AI-cjbYBAAAA&ccb=7-5&oh=00_AfSmI9FgtLTABw0SywcFfC728GcuQOWBQO2U54x9fbIIxg&oe=68917F95&_nc_sid=0985b0";"Pulang yuk, udah malam jangan main pahlawan2an lgi😇";"4903945095";"ghazyrizqir"