text,predicted_label
blm resmi jadi mantan ngasih trauma sangat besar pernah prinsip gamau punya pasang gamau nikah umur hidup mau nge jomblo being a single mom janda kembang wqwq,trauma masa lalu
papah tingal gamau nikah,tekanan sosial
bapak suruh nikah gamau terus,tekanan sosial
atas cepet nikah gih stres nafkahin gamau nikah pak mau dinafkahin atas,tekanan sosial
gamau ajar mau nikah gigi,tekanan sosial
gamau nikah ah takut bahagia takut punya pasang cuma nambah beban doang salah pilih pasang bunuh diri,tekanan sosial
yaudahlah emg ril karma kasih tau gamau ajak nikah bodoh ngejar yu sadar yu,tekanan sosial
blm resmi jadi mantan ngasih trauma sangat besar pernah prinsip gamau punya pasang gamau nikah umur hidup mau nge jomblo being a single mom janda kembang wqwq,trauma masa lalu
papah tingal gamau nikah,tekanan sosial
bilang besok kalo kamu nikah gamau bantuin yauda siapa mau ngundang orang banyak in this economy nikah jadi chil bray,tekanan sosial
iyap indo imbang orang pinternya berapa jangan takut ato ngamuk kalo bilang mau childfre remaja naif hamidun terus society despise orang gamau nikah ngangep hamidun tahtanya lebih mulia ketimbang childfre,tekanan sosial
gamau masuk langsung nikah,tekanan sosial
gimana kalo morven ni tipe gamau henti kerja nikah,tekanan sosial
yah orang emang rencana nikah pake duit ortunya gamau kordinasi buka soal bayar harga printilan nikah ambil kek kmu istilah bin bapak kamu gamau bapak tau kalo nyata harga barang mahal,tekanan sosial
gamau nikah muda mau main keluyur,tekanan sosial
gamau nikah,tekanan sosial
ih gamau nikah,tekanan sosial
sedih aku keliling rekan kerja umur sepantarangak jauh beda aku meni anak lalu kaget tanya aku gamau nikah aku gamau punya anak aku pandang aneh kalo bilang hidup rumah tanga rekan kerja,tidak percaya pasangan
gamau nyari cocok gtu nder ngobrol biasa misal kalo umur sekarang wajar siap nikah pilih calon turut butuh waktu lama kenal lebih dalem bibit bebet bobot,tekanan sosial
cewek kerja dijulidin nikah bilang perawan tua nikah kerja bilang beban kalo nikah tetap kerja bilang gamau ngurus anak,tekanan sosial
svt tour gyucheol unit coming up yay another reasons to say gamau nikah dulu soal banyak mau kejar,tekanan sosial
arti mau nikah cewek gamau bye sender blon,tekanan sosial
gamau nikah,tekanan sosial
tradisi tai istg kalau adik aku gamau nikah karna gamau ngelangkahin aku rumah aku acak,tekanan sosial
garagara lihat tmn aku mnkh aku jadi pgn pakai baju nikah bayangin jadi cantik mau pakai baju doang gamau nikah hehe,tekanan sosial
kalau jelang gamau nikah gembar gembor kep private drpd lamar gadinikahin kiw malu,tidak percaya pasangan
gamau nikah kalo pasang sore wiling to spend hundreds years only for us,tekanan sosial
betul jangan males ribet buru gamau sabar jadi petaka nikah bukan soal pasang kalau punya anak nyawa jadi tangungjawab tuhan,tekanan sosial
temen ken cepet nikah males kerja emang angur gamau cari kerja mau cepet dinikahin pacar hidup baik gantung lingkung keluarga pasang,tekanan sosial
bagus gamau emak bahagia nikah bapak,tekanan sosial
umur genap usah bahas nikah segala kamu tahun kak terus kenape kalo mau cari cewe muda gapapa kudu putus dulu soal gamau selingkuh kak im trying to ngajak kamu nikah diem dulu,tidak percaya pasangan
ibu janda tahun suruh nikah gamau,tekanan sosial
elu aje sangean kocak bokap cere taun kagak nikah krna gamau divorced since,tekanan sosial
fix gamau nikah ogah make,tekanan sosial
aku nonton cuplik nikah nang bistu gamau,tekanan sosial
perempuan gamau nikah ogah sanding kaum anjay patriark,tekanan sosial
ngomong ayah kamu gp ayah nikah biaya ful tangung ayah kalo gamau kata mending kamu pergi rumah nder cari kos jauh,tidak percaya pasangan
aku sempet tanya ayah gamau nikah ayah jawab kalo ayah mikirnya kalo nikah beban ayah tambah ayah cukup punya anak kek princes gamau nambah beban nah mungkin bokap mu ken nambah beban nder persetan urus kontol,tekanan sosial
alas sekarang mau ngirit gamau banyak jajan dulu mau diet badan pipi kaya babi guling ngumpulin duit tour justin kalo tour nikah,tidak percaya pasangan
ken punya anak kyak soyi gamau nikah mau anak kyk soyi dh jadi anak,tekanan sosial
aku kakak beda taun lumayan jauh and cowo mama kyk harap duluan nikah gweh kyk wow siap mau biarin kakak nikah duluan gamau ngelangkah gt anjay,tekanan sosial
jadi keinget dulu bilang kalo gamau nikah kalo ortu calon mertua blm lbh baik kyk maksud twetmu siap bkn calon pasutri masa calon pasutri ajar tingkat value kamu mjd pasutri ortu g siap jadi mertua,tidak percaya pasangan
nah aku join yah gamau nikah soal,tekanan sosial
sebenernya si klo liat restu cmn hary tipe pikir klo gamau nti restu ancam yaudah si orang nikah tuju ibu bapak kandung mayang gada,tekanan sosial
woe makanya kalo kondangan gamau dinamain ah gila kali dicatetin gin kalo nikah duluan kalo tingal duluan jadi ngutangin orang ngeri naro dosa orang,tekanan sosial
mewek dulu seh wilhaya sayang akhir nikah aku mewek aduh mixed feling sekali bahagia gamau babay aku kak sela gimana aku lewat senin mod not ur busines saking,tekanan sosial
perempuan skrg gamau nikah banyak nikah kali trauma lebi nyaman dildo,trauma masa lalu
cape sims gamau nikah terus,tekanan sosial
ayah haha ibu tingal tengah tahun aku kakak kompak ngelarang ujung ayah gamau buka jadi yaudahlah serah akhir nikah hidup mula,tekanan sosial
tuju bude janda dri tahun lalu kata banyak mau jodohin bude orangbukan dri pihak keluarga bude tep gamau nikah diancem anak mantu klo nikah mau deket krna takut bude apa bsa sendiri dinikahin ngurusin laki,tidak percaya pasangan
aku kira akhirakhir banyak takut nikah milih childfre didik anak mahalapa cuman buble twiter doang jadi inget masa pilpres,tekanan sosial
guys kalo dokter jgn takut tanya misal hubung nikah nyeri perut haid apa dok jangan cuma diem nungu dokter jelasin aku kalo mau dokter nyiapin list tanya tg sakit kait tanya bayar mahal sekali timba ilmu,tekanan sosial
halo kak beneran cerita kakakjujur ken psikolog takut mahal luar budget nyari rekomendasi psikolog nikah aku ngerasa kaya diri tuh bukan aku sering mendem nang ngerasa marahsedihkecewa aku gabisa,tidak percaya pasangan
nah aku mikir gin takut kalo nikah emang beneran pelit pernah nuntut bukan arti jadi efort gt lo bin mahal rb pamerin seluruh dunia,tidak percaya pasangan
banyak pasang muda sekarang pilih kumpul kebo ketimbang nikah bukan semata soal moral biaya nikah mahal takut gagal orangtuanya trauma sistem rasa adil bukan sekadar gaya hidupini cermin soal relasi percaya,tekanan sosial
jiwa maskulin suka ovt takut jadi beban gabisa bantu apa soal uang nikah dh mahal rmh tanga lbh banyak keluar,tekanan sosial
ovt takut beban gtu kalau gabisa bantu banyak nikah tu mahal,tekanan sosial
semangatin orang tua anak muda nikah takut punya anak posting butuh bayi mahal praktiksi kasih alam aku eh dibandingin orang borju terus kek gtu senjang akal ekonomi pernah selesai,alasan ekonomi
takut nikah haraga vendor mahal,tekanan sosial
aku jadi ingat pernah dimarahin teman karna ngomong aku takut hidup nikah kondisi sekarang soal ajar alam sendiri butuh anak banyak nuntut ilmu mahal takut punya keluarga bahagia habis nikah karna masalah finansial,tekanan sosial
orang banyak takut nikah salah satu faktor ekonomi banyak pikir hidup sendiri mahal hidup keluarga,alasan ekonomi
inded makanya skrg pikir nikah ngebiayain hidup sendiri rasa mahal keluarga ah takut bukany gapercaya rejeki realistis rejeki klo diusahain bong,alasan ekonomi
mau nikah punya anak jadi korban seksualitas laki sengklek alas utama mungkin biaya hidup mahal alas utama takut ketemu laki otak sange kalo anak jadi pedo bangsat tau ah,tekanan sosial
aku skrg pake balut yona organic gt so far pernah lecet cuma turut downsidenya mahal aku berani kak pake menscup aku nikah aku takut ribet bersih terus kalo proper sakit kalo kamu berani coba kak,tekanan sosial
pas aku daftar snmptn dulu jga nekat ketar tir takut ukt mahal karna aku team kaka nikah alhamdulilah lolos ukt jt,takut gagal membangun keluarga
bohong nder aku takut hamil ih banyak lho tmn ku nikah takut hamil saking punya bayi tuh mahal kalo bner mau kualitas bukan jaga badan sehat pokok klo subur turun bukan brarti susah punya anak gantung dri,trauma masa lalu
cewe ngomong gin jahat perempuan barang jual beli banyak alas perempuan milih nunda nikah cepat nikah value perempuan makin murah mahal takut nemu pasang pola pikir gin,tidak percaya pasangan
kalo aku murah nder aku tau finansial gimana kalo serah asa mahal gimana pas nikah takut beli skincare suami berat kalo sender ngerasa masalah,alasan ekonomi
ken ih nikah resepsi hachi gril wkwkwk usah takut kurang makan gausah dekor puluh juta makan kenyang tamu senang bekal mahal si,tekanan sosial
mikirin hidup biaya hidup makin mahal takut ortu baik anak dunia jahat makanya mau nikah lahir generasi dunia jahat,tekanan sosial
biaya hidup mahal banyak anak muda sulit beli rumah bayar sewa bahkan sekadar hidup layak akhir tunda nikah fokus karier dulu nikah takut punya anak banyak pilih childfre,tekanan sosial
kak no salty aku cewe aku mikir hidup wanita tuh kalo nikahberasa beli entah murah mahal mahar aku rasa emang beli dg umur hidup gatau jamin depan bagaimana plz takut meni,takut gagal membangun keluarga
eh keren ni solusi cocok hamil luar nikah gamau nikah mau aborsi mahal beli cytotec mahal takut hm tarik,tekanan sosial
astagfirulah wonwo islam eh bener kata ustadzku tau waktu tetep posthink jangan beli mahal permen dapet apa es cekek asiknya tonton eh jangan nikah dulu takut hujat knetz,tekanan sosial
kalo bahas nikah usia matang bilang jangan tua kalo nikah gausah takut susah nikah buka rezeki meanwhile kerja laki gajelas minjem duit sana sini anak urus makan anak asal biaya sekolah mahal bayang siapa jadi korban,tekanan sosial
iyain kak laki model punya wil emg gamau tangungjawab ngasuh anak kalo emg punya gangu takut anak kena skizo gausah anak awal gausah nikah sinting emang jangan lupa minta biaya awat anak mahal,tidak percaya pasangan
sumpah sea ni mahal jimy ngode keras bener takut lamar auto nikah dek,tidak percaya pasangan
takut gada dibabuin kaka kalau gada resin rumah sendiri gimana kalau pake prt mahal sangup bayar kalau nikahin istri gratis diurusin makanya takut kalau gamau nikah,tekanan sosial
asa ubah dikit cinta ma yah asa ubah samsek nipu ngedate murah mokondo ngedate mahal tabung niat nikah takut cerai niat nikah canda ama tau sakit masyarakat,takut gagal membangun keluarga
ortu kalo anak nikah lebih concern anak takut sendiri panti jompo mahal negara otak ngomongin sejahtera lansia jadi punya pasang privilege mungkin ortu positif pikir,tekanan sosial
yes mahal even during nikah last time my mom suruh i pakai but i chose not to tahu mahal i takut hahaha it was pas on generation to generation my family one is red gold,takut gagal membangun keluarga
pen kerja kuat drama kerja dgn gaji umr kerja luar negeri takut culik kamboja mo nikah trust isues cowo bot apa mahal bjir anomali apa aku inidah paling bener velocity ngopi,tekanan sosial
nikah gampang murah harap catat banyak orang indonesia sulit musti kasih mahar pesta mas kawin luar biasa mahal orang takut meni fakta lapang,tekanan sosial
mending pindah klo duitny cerita dikit pernah ngekos rb kota bekas lokasi deket tempat kerja lantai lt cuman lantai atas orang kyknya lampu lorong dapur km remang aku lebih takut kosan mahal jadi gas nikah,tidak percaya pasangan
alah aku baru tau dulu nikah keluarga nanyain suami yakin kowe mbojo wong patitakut minta serah mobilmotor paling mahal sapi beberapa ekor banyak berita edar,tekanan sosial
temen bentar mau nikah hampir mau ceplos gausah buru punya anak in this economy gajadi takut jadi kaya ngatur aduh punya anak emang mahal,tekanan sosial
beberapa jawab tanya putar kapan nikah kalo apapa mahal tanteom hehe jangan lupa nyengir rencana umur an tanom orang negara maju buruburu tanom takut buruburu cerai hehe nyengir,tekanan sosial
aku overthinking soal serah nikah takut julidin kalo mahalmurah,takut gagal membangun keluarga
kira peduli gitukan jelas aku ken nikmat hidup lama masa lajang bilang takut nikah bilang aku takut aku cuma banyak timbang jam apa mahal diri an takut,tidak percaya pasangan
cewe sini emang takut nikah biaya hidup mahal pd milih kerja keras pas tua tingal ambil caregiver jagain,tidak percaya pasangan
orang takut nikah bukan brarti normalisasin zina in this era economy serba mahal mikir orang dgn gaji pas depan mau gimana hukum nikah tuh wajib sunah makruh haram gantung kondisi orang ish emosi aku baca,tekanan sosial
emang laku zina orang takut meni buka mata sekarang gaji paspasan nikah tuh hidup sehariharinya darimana ngutang kalau mau punya anak susu bocil mahal ratus ribu,tidak percaya pasangan
iya ka banyak bahas klo asli cowo korsel tuh cuek patriark mertua suami byk galak nah drakor tuh dicontohin gmn sikap pemuda korsel byk takut nikah biaya rumah didik sana mahal,tekanan sosial
sebenernya tangkap bukan mau nikah nder lebih takut nikah orang salah skrg tuh serba mahal gaji umr sendiri pas aplg kalau ngekostngontrak gimana utk kalau punya anak,tekanan sosial
mahal buset takut nikah gmn ngatur duit,tekanan sosial
pil diane mahal rencana mau pake kb nikah nyata mama kena breast cancer karna pake pil kb jadi takut,tidak percaya pasangan
oala lbh parah ku kira biaya hidup mahal doang makanya pda takut nikahpunya anak,tekanan sosial
gatau kak aku bingung kerja tahun lari kemane pengem nyicil second cicil lumayan jadi mikir bom takut bayar karna kerja bom netap bom umur mau nyicil rumah tl mahal bom siap nikah arghjhdjejwismkw,tekanan sosial
ketawa dikit nenek pergi orang pinter bayar mahal ongkos ngobatin nikahnikah kata takut nempel bada,tekanan sosial
orang pusing mau nikah takut biaya mahal bs gausah pesta megahmegah penting sah mending duit dp rumah,takut gagal membangun keluarga
rek kalian saran mua ta aku mau nikah acara akad intimate sodara thok terus makanmakan keluarga jam an gt takut ketemu mua langsung hajar harga mahal akad,tekanan sosial
kebelet ngewek halaltp ekonimo mampu ujung anak jadi korban jaman dl klau jaman sekarang kua sepi mental anak jaman sekarang takut nikah apa mahal,tekanan sosial
mahal takut telat nikah punya selera mau punya cewe mahal bervalue makanya diri bervalue pelan lingkung saring jadi orang bervalue,tekanan sosial
bjir aku tuh gapapa nikah kua kek sedih takut remeh orang pola pikir jelek maksud ketemu cowok kek bayi kasih nikah kua akhir angap aku babu nikah mahal dikit terus ngungkitngungkit kiamat,tekanan sosial
suka mikir emang kaya cocok tingal sini orang unfriendly lahan kerja susah apa mahal takut nikah jadi apa mahal ngempanin anak orang,alasan ekonomi
ken nikah gaperlu mahal kaya gin imposible aku orang sunda kenal orangtua gengsi tingi kalau pesta takut jadi omong tetanga tcih,tekanan sosial
sumpah seru beneran niat rab timse schedule spreadshet eh kondangan bnrn kebaya siap kmrn baru jahit hihi btw mahal nikah anjritlah intimate aj gin fag takut dunia btw thanku ka ney sgt efort,tekanan sosial
engak tau keluarga sekarang mau beli barang mahal sekrang mikir takut engak dulu sembelum nikah gas engak mikir apa efek bapak,tidak percaya pasangan
aku tiap hari selalu ngehindarin jajan gt always rumah eh temen kerja bilang ih si sil jarang jajan duit modal nikah sil aku ketawa aku hindar takut sehat tuh mahal,tekanan sosial
jangan janda bang bom nikah ken kawin kontrak benefit tulis atas materai daftar notaris trauma takut jalanin long relationship sdngkan nikah janji tuh trust isue cerai mahal,trauma masa lalu
klo gamau nikah pacar mnding nikah sekali aman klo gamau nikah mahal diakalin nikah simpel ngundang byk orang ngumbar terus takut punya anak childfre,takut gagal membangun keluarga
benar mau asi sufor masalah jadi masalah jadin alesan harga susu mahal takut nikah arti siap nikah,tekanan sosial
usaha maksimalin rajin klinik umur gin sat jadi tangung ortu pas nikah gaperlu awat mahal intensif takut beban suami treatment muka ku mungkin lebih jauh pikir ku,tekanan sosial
jadi keinget tmen kuliah punya kakak cowok mau nikah daerah kalo keluarga cowok rumah cewek mau lamar ortunya ngajakin duduk kursi arti uang panai mahal wkt ortu s cewek jawa ngajakin duduk kursi kel temen degan takut minta banyak,takut gagal membangun keluarga
akad kua usah pesta rupiah paling siap beli mas kawin bensin wira wiri ama potokopi berkas syarat kua nikah gratis yamg mahal gengsinua jangan takut nikah,tekanan sosial
takut nyata nikah orang lihat baik eh gataunya redflag takut dapet mertua awikwok takut apapa mahal takut jadi orang tua baik inti lebih kasi anak lahir negara bobrok gin,tekanan sosial
benar takut nikah lebih takut penuh butuh anak sekarang serba mahal,tekanan sosial
makin mahal takut nikah ekonomi jadi masalah besar hubung gamau siap terlalu takut terlalu banyak mikir jelek terus banyak ajar lebih kenal diri sendiri cinta orang dgn,alasan ekonomi
nikah takut tekdung biaya anak mahal shay,tekanan sosial
aku ken pacar kadang mikir harga hodie lebih mahal gaji bulan takut gabisa nafkahin kalo nikah,tekanan sosial
alas pernah nanyain nikah ama pacar karna takut dimarahin harga belis ama harga kuda mahal,tekanan sosial
takut punya anak pas nikah langsung rencana punya anak kalo emang kasih atas gimana mental siap tambah biaya didik bagus mahal pol jadi mending tahan dulu aza,tidak percaya pasangan
vendor gedung catering mahal alam mingu temen kantor cerita mau nikah september tahun depan bok vendor paling murah sekarang takut habis tangal,tekanan sosial
akutuh tadi mau ngomong ngajak pacar beli cincin sekarang soal tahun depan pn naik takut harga emas makin mahal takut mau ngomong ah kesal mau nikah susah negara bajing,tekanan sosial
kuliah kata mahal lulus cepet kerja mau nyari koneksi senior kota takut kata boros rumah doang kata usaha anak tetanga mesti dibandingin nikah bahasa laku tahun lalu tetanga tingal selalu diomongin,trauma masa lalu
sumpah apa umur gin aku lebih takut punya kembang karir gaji kembang didik tbtb kena layof hasil tabung apa mahal beli tanah beli rumah bahagiain mama ilmu agama kurang takut nikah,takut gagal membangun keluarga
aku takut nikah banding nikah lebih krusial takut uang segala butuh mahal,tekanan sosial
lebih takut hidup nikah mati tambah biaya hidup sekarang makin gede mahal,tekanan sosial
waktu temen deket nikah tu sedih neng takut tingal mahal lebih sering ketemu pas punya anak tahun sekali jadi bulan keli mana jadi rumah,tidak percaya pasangan
ibu ngerasa masalah wajar klo anak takut arti anak siap ibu orang relate tau ibu mrk gimana jelas relate bilang ibu nikah satu lemari isi tas mahal,tekanan sosial
nikah gampang bom kalo punya anak harga susu formula popok mahal angka keras rumah tanga banyak angka telantar anak angka cerai siapa takut nikah kalo ancur begini pkb pantek kontol bajing,tekanan sosial
isue tingkat nikah turun lebih efek domino ekonomi lemah kek orang takut nikah biaya nikah mahal terus hantu wajib nafkah keluarga hinga siap uang didik anakanak,alasan ekonomi
kalau mau have sex nikah serah bersih rutin cek ngerugin siapa kalau punya duit gausah gegaya mau ngewe pacar cari duit dulu bnyak ngewe takut mikir cek mahal pegi cek sonoh nanya orang,tekanan sosial
iya laki liat ciwi bin ortu barang mahal terus takut ngerendahin bukan pacu sdm rendah kamu kalo nikah cabut sayap kamu rantai kaki kamu cepet putusin laki bahaya kek gin kak,tekanan sosial
takut hamil aku punya anak kasi laki aku nikah biaya mahal gada turun,takut gagal membangun keluarga
akhir hapus timbul banyak debat soalny awal aneh cewe takut nikah banyak cowo berengsek solusi jangan takut orang gamau punya anak biaya hidup mahal solusi perintah cuma jangan takut,tekanan sosial
gin duduk gin bom ngurus negara tuh dulu gausah ikut kek negara takut orang banyak ken childfre mau nikah senganya sejahtera rakyat indo gaji rendah sandang pangan makin mahal,tekanan sosial
banyak temen nikah sbrnya siap cuma ken sdh lama pacar takut kejar usia pas nikah bingung hamil bingung nikah mahal butuh sepi jadi korban temen jomblo dicurhatin mulu,tekanan sosial
bukan semata salah pihak cowok cewek gaes bayangin sekarang harga rumah mahal biaya sekolah ngotak tuntut sosial makin tingi perintah peduli ama kelas tengah heran makin banyak orang takut nikah,tekanan sosial
harga butuh serba mahal banyak cinta manis awal harga cuma god loking modal kerja keras prcuma gbakal harga prjuangan kek dlu kerja tipes nabung nikah eh djkecewain jadi takut jalin hubung isi bulshit smua,tidak percaya pasangan
mahal teknologi cangih sam bud akses orang paling gampang lewat nikah jelas bapak ibu beberapa daerah larang nikah tetanga takut klo nyata hasil lingo,tekanan sosial
gantung gaya hidup orang jujur bulan gaji jt tuh mau nikah takut mikir at least calon suami gaji kyk kalo gabung tuh jt mahal cok apa jkt,tekanan sosial
sma swasta takut biaya mahal ingat swasta rata duduk hidup miskin alhasil apa kerja klo mau kejar paket c nikah mudah populasi banyak nikah muda akibat bayi lahir prematur kurang nutrisi akibat,tekanan sosial
bukan semata salah pihak cowok cewek gaes bayangin sekarang harga rumah mahal biaya sekolah ngotak tuntut sosial makin tingi perintah peduli ama kelas tengah heran makin banyak orang takut nikah,tekanan sosial
harga butuh serba mahal banyak cinta manis awal harga cuma god loking modal kerja keras prcuma gbakal harga prjuangan kek dlu kerja tipes nabung nikah eh djkecewain jadi takut jalin hubung isi bulshit smua,tidak percaya pasangan
nikah sisi aku takut kalo nikah soal anak tuh raya aku kecil biasa dirayain ortuku apa ultahku gada pikir rayain mahal sini kecewa,tidak percaya pasangan
kalian takut nikah paham banyak kasus cerai kdrt serba mahal sekarang bahas nucha podcast curhatbabu episode siapa tau buka perspektif beda mariage is scary,tekanan sosial
inget perkara belanja abis banyak ngomel mahal eh bang toyib belanja pake duit sendiri kerja sendiri lo modal apa takut kalo ampe nikah ama lo nyinyirin mulu uang belanja,tidak percaya pasangan
emang takut nikah liat orang cere bukan takut nikah biaya hidup makin mahal,tekanan sosial
nikah emang rasa takut bahkan skrg utama utk punya anak uang sekolah sd kalo mau bagus mahal cuy wkwkw mana harga popok tuh mahal kualitas relatif jelek susu punya jadi bismilah usaha ngumpulin uang,tidak percaya pasangan
emosi sendiri cowo milih bangun rumah duluan nikah benar takut kalau tuh rumah jadi gonogini bangun meni tetep milik anjig kalau cap hitung kira nyari duit gampang apa,tidak percaya pasangan
nikah ken hidup santai rejeki hari ngerasa cukup istri anak takut penuh butuh selesai jadi biawak mulai hidup istri,tekanan sosial
ih aku mau beli tiap supermarket takut kira mau nikah,tekanan sosial
gamau nikah ah takut bahagia takut punya pasang cuma nambah beban doang salah pilih pasang bunuh diri,tekanan sosial
iyap indo imbang orang pinternya berapa jangan takut ato ngamuk kalo bilang mau childfre remaja naif hamidun terus society despise orang gamau nikah ngangep hamidun tahtanya lebih mulia ketimbang childfre,tekanan sosial
emosi sendiri cowo milih bangun rumah duluan nikah benar takut kalau tuh rumah jadi gonogini bangun meni tetep milik anjig kalau cap hitung kira nyari duit gampang apa,tidak percaya pasangan
takut tingal nikah tmn main siapa,tekanan sosial
ken nonton sore takut ken cepet nikah,tekanan sosial
huhuhu bu semangat ngurus bocil sat setsemoga beri sabar luas bua ngurusin anak krna aku blm nikahtpi aku ngurusin keponakan tingal mak bapak pisahjd hrs ekstra sabar soal takut mrsa sayang,tekanan sosial
sumpah makin takut klo hrs nikah punya anak indonesia kek ajg dunia waras masa anak smp jadi simpenan om anjing,takut gagal membangun keluarga
td ditawarin nikah kata takut janda,tekanan sosial
jujur aku takut nikah gegara kak ibu takut aku dapet keluarga kurang tepat aku pandai kerja rumah aku mau usaha kalo emang pas nikah suruh urus rumah suami doang,takut gagal membangun keluarga
ngapain takut direndahin asal kamu tau banyak wanita sini sblm punya anak mrk kerja bukan nikah lgsg ngangur bahkan jadi wanita karir punya anak gantung situasi kondisi,tekanan sosial
kalo suami aku kamu aku takut nikah,tekanan sosial
kamu kali terlalu mikirin orang takut dijudge justru aneh cewe nikah ngurus rumah anak suami tetep kerja,tekanan sosial
biasa emak pacar pola pikir aneh banyak orang tua angap anak investasi jangka panjang jadi takut kalo anak nikah ngasi duit untung mak orang,alasan ekonomi
takut tbtb bsk ajak nikah mas duluan y,tekanan sosial
kalau aku takut nikah tuju ibadah,tekanan sosial
sadar keti bs nyakitin orang baca mungkin posisi mau kerja dpt kerja mau nikah dpt kerja akhir baca cuit insec takut ovt klo cwe kerja moga direndahin dlm jadi beban,tekanan sosial
apa update dikit takut boring kalau emang mau liat kisah nikah bole telonym,tekanan sosial
chat arti si cowo sengaja bangun rumah nikah ken punya kamar ekstra perlu sendiri soal kalau bangun nikah takut ribet istri terus jaga takut rumah angap harta gono gin misal cerai,tekanan sosial
banyak buku aku kamu sendiri ngesok mulu kira keren apa cringe maf bentar aku mau nikah ham aku kasih undang kalau mau datang mending gausah makin gamon ham inti kalau sok jago terus cewek takut,tekanan sosial
takut ih pas nikah penghulu gen z trus lebih ganteng kek mana tukeran posisi,tekanan sosial
suami provide cukup bahkan lebih kali aku niat kerja pas nikah doi terus cewek takut direndahin keluarga sosial bukan wajib sosial mana rasa independent women no i ned a man,tekanan sosial
bawa nikah kata akutakut hamil luar nikah,tekanan sosial
lama ngeyaping akhir sibuk dgn chatan orang mungkin bilang sukak selalu salah mau kenal orang selalu gebrak terima bosen jomblo klo pacar nikah takut hamil capek plis,tekanan sosial
nikah takut ngejalaninya,tekanan sosial
nikah takut,tekanan sosial
mau jadi ibu punya suami plis takut nikah soal,tekanan sosial
sekolahin cuma cuti kali tahun kabur pacar karna ngebet nikah sederhana uji cuma mau bundir takut masuk neraka,takut gagal membangun keluarga
makin kesini makin sadar banyak orang ceraitakut nikah soal ngeliat ngikutin standar orang sebenernya puas hidup jadi puas banyak makan standar nyeleneh medsos,tekanan sosial
makanya jadi keluarga baik pilih calon suami dibesarin orang tua baik lingkung baik klo perlu paham agama sekali takut klo mau jahat rendah manusia klo nikah asal mau lihat mikir background klwrga siap,tekanan sosial
cewe nikah kerja apa takut direndahin keluarga sosial jaman sekarang tara gender cewe kerja bukan angap beban gelar,tekanan sosial
perempuan sekarang mau ajak hidup susah me dalem hati kalo susah jangan nikah bang jangan ngajak anak orang hidup susah mau ngingetin takut tbh panjang omong,tidak percaya pasangan
takut salah digodain gajadi nikah,tekanan sosial
lebih takut fans kalo dadak t nikah bukan si onoh terus istri hujat,tekanan sosial
mungkin kali tetanga ku dibolehin krna alesan muda anak baru kata takut kek suami meningalcerai terus mau nikah,tidak percaya pasangan
berat cowok jaman skrg coblos sana sini takut ancrit nikah fot,tekanan sosial
aku blm nikah takut suami masa depan gabisa nerima aku gin punya bekas luka jahit mungkin kambuh balik cerita temen tg khawatir kata arti suami bkn orang baik iya aku takut dapet,trauma masa lalu
bener nanganin ratus client face reading aku sadar banyak perempuan luar sana milih tahan cowok toxic takut nemu ganti ujung telat nikah bilang awal nyelamatin kalian banyak,tekanan sosial
b takut tiba ditanyain kapan nikah,tekanan sosial
capek baru balik dri ladang sempat duduk suruh baralekhajatan pel hari nganterin mulu hua takut tanya nikah,tidak percaya pasangan
kadang mikir kalo nikah langsung ken pindah rumah jauh keluarga sodara karna salah takut aku takut pas nikah terima keluarga dijulidin terus pikir ken pindah tempat bahkan negara sepi,tidak percaya pasangan
hari gebrak si seungyoun kdg takut tbtb ngajak nikah,tekanan sosial
anak dibiarin nikah ama orang jelas bukan saudara kandung sekali inses takut dosa,trauma masa lalu
aku malming nonton sore istri masa depan bagus tu karakter sore nunjukin rasa sayang suami tu lewat kata tatap pas akhir waktu ngakhirin aku nang by tbtb jadi takut hilang suami blm nikah,takut gagal membangun keluarga
ih takut usah nikah apa,tekanan sosial
stlh liat gmn keluarga ayah suka ibu even nikah aku takut nder usaha jadi mediator tetep ibu salah sudut pandang mrk gwa jadi anak belah pihak enak sndr,trauma masa lalu
kali curhatin temen mau cerai gimana makin takut nikah coba,tekanan sosial
dongju kalo nikah hana kyk suami takut istri kyknya kalo salah takut ketemu hana bucin mampus,tekanan sosial
lebih takut tanya kapan nikah kapan lulus,tekanan sosial
bginian bkin takut nikah pikir ipar begini hrus berusha dptin hati lo jadi ipar emg baik hati kali ah orang baik gaperlu diefortin baru bs laku ipar sprti keluarga sndiri,tekanan sosial
takut kangen mama kalau nikah,tekanan sosial
numpang curhat guys aku sering mimpi beneran jadi nyata makanya aku takut tiap mimpi bangun degdegan gt contoh aku mimpi temenku nikah temenku tahun nah tahun beneran nikah bulan juni,tekanan sosial
emang kalo tuju hidup ngonser orang tuju hidup nikahdengan banyak luka aku terima keluarga kadang aku takut nikah gamau punya keluarga kaya keluarga sekarang,tekanan sosial
jongdunk usah balik thai kalau nikah takut asing lagifkjd fm in nyctheheartkilersfminewyorktheheartkilersusandlatamtour,tekanan sosial
iya ngeliat mbak ipar jadi takut nikah digituin,tekanan sosial
joging gagal ngapain kalau bengong takut pikir kapan nikah,tekanan sosial
pagipagi rapihin bayi bogel masuk kandang diliatin mamak mk mending nikah urus anak beneran takut gila aku mak gatau anak bogel hasil nikah bapak mk tuhkan muncul gejala,tidak percaya pasangan
halhal gin bahaya jadi banyak orang takut nikah sunah rasululah saw,tekanan sosial
iyasih kak kek aneh gasih kalo temenan dulu siapa tau nyaman kalo nyaman susah takut pacar takut ngerusak hubung wkwkwk mending htstmbestie trus tiba nikah awokawokawok,tekanan sosial
lbh takut lose myself kalo nikah entah tuntut suami diri sendiri,tekanan sosial
mimpi nikah temen sendiri kocak untung cuma mimpi takut,tekanan sosial
awal kaget job lebih kaget umur chan hwan thn kirain an aku takut jadi halang hub jiwon cocok visi misi nikah pas age gap th,tekanan sosial
umur gin pikirin gimana karir lebih bagus depan cinta takut nikah takut sendiri,tekanan sosial
takut habis nikah nari makan abis mamat,tekanan sosial
aku kira akhirakhir banyak takut nikah milih childfre didik anak mahal apa cuman buble twiter doang jadi inget masa pilpres,tekanan sosial
kamu bayang sebombay apa pas akad nikah bleh gausah meap takut rusak total,trauma masa lalu
kemenag ngadain nikah gratis mending brainstorming ulang apa cocok adain indo mending mikir gimana angka cerai turun gada konten maried is scary terus gen z jadi takut nikah,tekanan sosial
mudah takut ngerasa nyesel nikah pasang aku ngerasa nyesel nikahin aku pait,takut gagal membangun keluarga
beberapa hari banyak orang folow spamlike bahkan dm pas cek punya cewe nikah bahkan punya anak setan gabikin takut cowo iya,tekanan sosial
nangisin sahabat takut kalo doi nikah pergi jauh jadi sahabat kota,tekanan sosial
dulu pas nikah aku takut kalau kurang makanya aku saving uang banyak mungkin nikah hura tahu nikah hidup gimana,tekanan sosial
gin takut pikir orangorang putus childfre nikah aneh emang orang milih childfre nikah indo tuh selalu lebih sedikit milih anak nikah,takut gagal membangun keluarga
moga hubung lanjut bukan doain jelek justru doain baik nder pacar hina begini bayang kalo nikah kaya gimana kalo amit mandiri finansial takut dinjek lunya nder,tekanan sosial
orang nikah emang se rese peduli ortu kalo nyinyirin kamiorang rumah paling depan takut uang ortu habis kamitermasuk ortu rumah tindak takut uang ortunya habis aku kakak,tekanan sosial
hah apa indonesia jadi takut guague nikah jadi makin ovt kalo punya anak gimana cara jaga didik takut beneran,tekanan sosial
kalo nikah emang takut jaim skynani gret shabushi skynani,tekanan sosial
salah satu alas gen z takut nikah,tekanan sosial
jangan aku jadi takut kira mau nikah beneran,tekanan sosial
mau blg nyokap anak angkat mau nikah takut tagih,tekanan sosial
kalah devasa pas devasa nikah takut raskha,tidak percaya pasangan
kalo nikah emang takut jaim skynani gret shabushi skynani,tekanan sosial
hah apa indonesia jadi takut guague nikah jadi makin ovt kalo punya anak gimana cara jaga didik takut beneran,tekanan sosial
gin takut pikir orangorang putus childfre nikah aneh emang orang milih childfre nikah indo tuh selalu lebih sedikit milih anak nikah,takut gagal membangun keluarga
moga hubung lanjut bukan doain jelek justru doain baik nder pacar hina begini bayang kalo nikah kaya gimana kalo amit mandiri finansial takut dinjek lunya nder,tekanan sosial
orang nikah emang se rese peduli ortu kalo nyinyirin kamiorang rumah paling depan takut uang ortu habis kamitermasuk ortu rumah tindak takut uang ortunya habis aku kakak,tekanan sosial
dulu pas nikah aku takut kalau kurang makanya aku saving uang banyak mungkin nikah hura tahu nikah hidup gimana,tekanan sosial
nangisin sahabat takut kalo doi nikah pergi jauh jadi sahabat kota,tekanan sosial
beberapa hari banyak orang folow spamlike bahkan dm pas cek punya cewe nikah bahkan punya anak setan gabikin takut cowo iya,tekanan sosial
mudah takut ngerasa nyesel nikah pasang aku ngerasa nyesel nikahin aku pait,takut gagal membangun keluarga
kemenag ngadain nikah gratis mending brainstorming ulang apa cocok adain indo mending mikir gimana angka cerai turun gada konten maried is scary terus gen z jadi takut nikah,tekanan sosial
kamu bayang sebombay apa pas akad nikah bleh gausah meap takut rusak total,trauma masa lalu
aku kira akhirakhir banyak takut nikah milih childfre didik anak mahal apa cuman buble twiter doang jadi inget masa pilpres,tekanan sosial
takut habis nikah nari makan abis mamat,tekanan sosial
umur gin pikirin gimana karir lebih bagus depan cinta takut nikah takut sendiri,tekanan sosial
awal kaget job lebih kaget umur chan hwan thn kirain an aku takut jadi halang hub jiwon cocok visi misi nikah pas age gap th,tekanan sosial
mimpi nikah temen sendiri kocak untung cuma mimpi takut,tekanan sosial
lbh takut lose myself kalo nikah entah tuntut suami diri sendiri,tekanan sosial
iyasih kak kek aneh gasih kalo temenan dulu siapa tau nyaman kalo nyaman susah takut pacar takut ngerusak hubung wkwkwk mending htstmbestie trus tiba nikah awokawokawok,tekanan sosial
halhal gin bahaya jadi banyak orang takut nikah sunah rasululah saw,tekanan sosial
pagipagi rapihin bayi bogel masuk kandang diliatin mamak mk mending nikah urus anak beneran takut gila aku mak gatau anak bogel hasil nikah bapak mk tuhkan muncul gejala,tidak percaya pasangan
joging gagal ngapain kalau bengong takut pikir kapan nikah,tekanan sosial
iya ngeliat mbak ipar jadi takut nikah digituin,tekanan sosial
emang kalo tuju hidup ngonser orang tuju hidup nikahdengan banyak luka aku terima keluarga kadang aku takut nikah gamau punya keluarga kaya keluarga sekarang,tekanan sosial
jongdunk usah balik thai kalau nikah takut asing lagifkjd fm in nyctheheartkilersfminewyorktheheartkilersusandlatamtour,tekanan sosial
numpang curhat guys aku sering mimpi beneran jadi nyata makanya aku takut tiap mimpi bangun degdegan gt contoh aku mimpi temenku nikah temenku tahun nah tahun beneran nikah bulan juni,tekanan sosial
takut kangen mama kalau nikah,tekanan sosial
bginian bkin takut nikah pikir ipar begini hrus berusha dptin hati lo jadi ipar emg baik hati kali ah orang baik gaperlu diefortin baru bs laku ipar sprti keluarga sndiri,tekanan sosial
lebih takut tanya kapan nikah kapan lulus,tekanan sosial
dongju kalo nikah hana kyk suami takut istri kyknya kalo salah takut ketemu hana bucin mampus,tekanan sosial
kali curhatin temen mau cerai gimana makin takut nikah coba,tekanan sosial
stlh liat gmn keluarga ayah suka ibu even nikah aku takut nder usaha jadi mediator tetep ibu salah sudut pandang mrk gwa jadi anak belah pihak enak sndr,trauma masa lalu
ih takut usah nikah apa,tekanan sosial
aku malming nonton sore istri masa depan bagus tu karakter sore nunjukin rasa sayang suami tu lewat kata tatap pas akhir waktu ngakhirin aku nang by tbtb jadi takut hilang suami blm nikah,takut gagal membangun keluarga
anak dibiarin nikah ama orang jelas bukan saudara kandung sekali inses takut dosa,trauma masa lalu
hari gebrak si seungyoun kdg takut tbtb ngajak nikah,tekanan sosial
kadang mikir kalo nikah langsung ken pindah rumah jauh keluarga sodara karna salah takut aku takut pas nikah terima keluarga dijulidin terus pikir ken pindah tempat bahkan negara sepi,tidak percaya pasangan
capek baru balik dri ladang sempat duduk suruh baralekhajatan pel hari nganterin mulu hua takut tanya nikah,tidak percaya pasangan
b takut tiba ditanyain kapan nikah,tekanan sosial
bener nanganin ratus client face reading aku sadar banyak perempuan luar sana milih tahan cowok toxic takut nemu ganti ujung telat nikah bilang awal nyelamatin kalian banyak,tekanan sosial
aku blm nikah takut suami masa depan gabisa nerima aku gin punya bekas luka jahit mungkin kambuh balik cerita temen tg khawatir kata arti suami bkn orang baik iya aku takut dapet,trauma masa lalu
berat cowok jaman skrg coblos sana sini takut ancrit nikah fot,tekanan sosial
mungkin kali tetanga ku dibolehin krna alesan muda anak baru kata takut kek suami meningalcerai terus mau nikah,tidak percaya pasangan
lebih takut fans kalo dadak t nikah bukan si onoh terus istri hujat,tekanan sosial
makin kesini makin sadar banyak orang ceraitakut nikah soal ngeliat ngikutin standar orang sebenernya puas hidup jadi puas banyak makan standar nyeleneh medsos,tekanan sosial
makanya jadi keluarga baik pilih calon suami dibesarin orang tua baik lingkung baik klo perlu paham agama sekali takut klo mau jahat rendah manusia klo nikah asal mau lihat mikir background klwrga siap,tekanan sosial
cewe nikah kerja apa takut direndahin keluarga sosial jaman sekarang tara gender cewe kerja bukan angap beban gelar,tekanan sosial
perempuan sekarang mau ajak hidup susah me dalem hati kalo susah jangan nikah bang jangan ngajak anak orang hidup susah mau ngingetin takut tbh panjang omong,tidak percaya pasangan
takut salah digodain gajadi nikah,tekanan sosial
nikah takut,tekanan sosial
mau jadi ibu punya suami plis takut nikah soal,tekanan sosial
sekolahin cuma cuti kali tahun kabur pacar karna ngebet nikah sederhana uji cuma mau bundir takut masuk neraka,takut gagal membangun keluarga
nikah takut ngejalaninya,tekanan sosial
lama ngeyaping akhir sibuk dgn chatan orang mungkin bilang sukak selalu salah mau kenal orang selalu gebrak terima bosen jomblo klo pacar nikah takut hamil capek plis,tekanan sosial
bawa nikah kata akutakut hamil luar nikah,tekanan sosial
chat arti si cowo sengaja bangun rumah nikah ken punya kamar ekstra perlu sendiri soal kalau bangun nikah takut ribet istri terus jaga takut rumah angap harta gono gin misal cerai,tekanan sosial
banyak buku aku kamu sendiri ngesok mulu kira keren apa cringe maf bentar aku mau nikah ham aku kasih undang kalau mau datang mending gausah makin gamon ham inti kalau sok jago terus cewek takut,tekanan sosial
takut ih pas nikah penghulu gen z trus lebih ganteng kek mana tukeran posisi,tekanan sosial
suami provide cukup bahkan lebih kali aku niat kerja pas nikah doi terus cewek takut direndahin keluarga sosial bukan wajib sosial mana rasa independent women no i ned a man,tekanan sosial
kalau aku takut nikah tuju ibadah,tekanan sosial
sadar keti bs nyakitin orang baca mungkin posisi mau kerja dpt kerja mau nikah dpt kerja akhir baca cuit insec takut ovt klo cwe kerja moga direndahin dlm jadi beban,tekanan sosial
apa update dikit takut boring kalau emang mau liat kisah nikah bole telonym,tekanan sosial
kalo suami aku kamu aku takut nikah,tekanan sosial
kamu kali terlalu mikirin orang takut dijudge justru aneh cewe nikah ngurus rumah anak suami tetep kerja,tekanan sosial
biasa emak pacar pola pikir aneh banyak orang tua angap anak investasi jangka panjang jadi takut kalo anak nikah ngasi duit untung mak orang,alasan ekonomi
takut tbtb bsk ajak nikah mas duluan y,tekanan sosial
ngapain takut direndahin asal kamu tau banyak wanita sini sblm punya anak mrk kerja bukan nikah lgsg ngangur bahkan jadi wanita karir punya anak gantung situasi kondisi,tekanan sosial
jujur aku takut nikah gegara kak ibu takut aku dapet keluarga kurang tepat aku pandai kerja rumah aku mau usaha kalo emang pas nikah suruh urus rumah suami doang,takut gagal membangun keluarga
iyap indo imbang orang pinternya berapa jangan takut ato ngamuk kalo bilang mau childfre remaja naif hamidun terus society despise orang gamau nikah ngangep hamidun tahtanya lebih mulia ketimbang childfre,tekanan sosial
ibu kos ku cantik usia muda jadi tanya besar pilih meni smpe mau keluar kos blm tau jawab apa lebih bahagia sendiri trauma,trauma masa lalu
skrg ken hijab stlh menikahada perempuan hijab dlm hidup trauma soal,trauma masa lalu
meni gada rasa percaya trauma apa temen kantor kak smpe sgitunya,trauma masa lalu
rumit inti masalah mas putar trauma minder daru and ribetnya budhe juno masalah hubung always konflik hapy ending meni,trauma masa lalu
jangan tiru jadi gay coba jadi trauma masa kecil hubtak sehat sblmnya fitrah tetap meni lawan jenis alam kubur banyak hari kiamat tiba jadi usah panik tuju hidup amal kbaikan,trauma masa lalu
meni gada rasa percaya trauma apa temen kantor kak smpe sgitunya,trauma masa lalu
semenjak takut meni bukan karna takut diselingkuhin lebih takut tingal liat nyokap hilang arah hilang temen ngobrol banyak dikhlasin hancur trauma,trauma masa lalu
meni menikaj trauma,tidak percaya pasangan
aku lihat cuplik baner lads baru habis meni pasionate sekali cium guys aku habis meni trauma talk aku yakin lebih intim buka diri cerita trauma sikap,trauma masa lalu
real life kalian sebenernya pingin nikah bayang punya keluarga bahagia beberapa masuk trauma kalian takut utk meni aku tahun sbnernya blm utk meni gmn kalau misal tanya keluarga terus,trauma masa lalu
cukup anak trauma pikir kalau hidup berat meni lalu punya anak dewasa kontrol emosi mindset akhir pilih childfre bahkan pilih utk meni,trauma masa lalu
gaji sesuai biaya hidup mbut cuma trauma kdrt financial selalu jadi momok pasang mau meni,trauma masa lalu
sempat lost spark waktu qiqi c lebih trauma sekarang balik meni skirk,trauma masa lalu
lucu tibatiba my mom tanya kapan target aku meni beliau takut aku punya trauma lihat nikah beliau aku cukup awikwok,trauma masa lalu
amin moga meni naik ikan wkwkwkwk benerbener trauma cewek enih si ayel,tekanan sosial
its okay kak takut meni trauma leceh akhir jalan hidup bukan meni tetep lakuin positif manfat terus lama hidup terus serah diri sang cipta,trauma masa lalu
kata abun tm beb teman meni teman mangu wkwkw feling aku iya pdkt cuma mungkin gaberani go publik aca mas trauma gara cowok nitizen gas jelas ngerasa nyaman,trauma masa lalu
aku punya trauma triger berkalikali aku korban kdrt aku punya ibu dramatic selalu iri anak aku kena masalah mental kecil aku cinta diri sendiri aku takut aku luka banyak orang meni benar aku sepi,trauma masa lalu
satu orang sangat sakit sekarang bahagia baru meni sumpah trauma beri tahun aku mau jalin hubung baru trauma alah orang serapih depan aku jadi selingkuh alah,trauma masa lalu
bln meni aku blm siap punya bayi terlalu bnyk trauma pendam takut ekonomi blm stabil ntah kpn siap,alasan ekonomi
trauma hidup keluarga soal keluarga aku scary hahaha jadi takut mau meni takut salah pasang jujur aku mau meni bangun rumah tanga harmonis,tidak percaya pasangan
cewe tulus tiap pacar selalu selingkuhin trauma parah akhir mungkin meni jadi istri orang kaya raya sange gila tiap liat gtu,trauma masa lalu
jujur aku pikir mau nikah trauma liat rumah tanga ortu sendiri iring jalan waktu tbtb alah kasih aku jodoh baik rubah aku benar nyangka titik meni punya anak,trauma masa lalu
mau kondisi ekonomi aku lebih milih engak mau meni trauma aku sakit khawatir kalau jadi beban hidup meni jalan siap mental uji tak duga,alasan ekonomi
model keluarga normatif seringkali jadi tempat penuh keras trauma narator lepas gagal institusi keluarga narator harap anak meni beberapa tetap jadi model,tekanan sosial
masuk nalar korban perkosa suruh meni laku perkosa laku korban lho kena mental trauma suruh umur hidup,trauma masa lalu
stop normalisasi pertangungjawaban pihak laku korban tuh cara meni please kata korban trauma apa orang abis ngelecehin kocak negara,tekanan sosial
karma tg rentet beberapa kisah beda saling hubung akibat karmatrauma code tg dokter hebat juang sistem trauma center rumah sakit wlgyt kisah juang pasutri kecil pacar meni punya anak hinga nikah anak,trauma masa lalu
dulu sempet mikir mau nikah mau punya anak takut nurunin trauma anak pasang but who knows sekarang sayang ugalugalan pria sangat meni,trauma masa lalu
bias kalo sakit gin suka tb glomy pikir mati hidup trauma mati jadi aku selalu cemas ovt kalo aku meni hidup pasang salah satu tingal sendiri aku bayangin,trauma masa lalu
kalau aku sidah temu patner aku mau meni punya anak tau alu takut waris trauma,trauma masa lalu
thing is mostly paham foreplay perlu rasul sendiri suruh unt cumbu dulu jangan sperti binatang thing is mostly peduli istri nikmat apa jadi meni do take notes istri trauma dg seks nyaman during sex,trauma masa lalu
pasang meni bye naremikatrauma baca au diksh jabat lgsg gaet cewe terus lama bongkar sembunyi temenya terus temen ikut sembunyi gada karma syukur adek nikah isi konflik,tekanan sosial
trauma meni takut harga,trauma masa lalu
serius hidup mana jangan jadi mama ku jangan meni jangan jadi aku cuma muasin trauma mama dapet bahagia dulu diri sendiri jangan anak perempuan kamu teken,trauma masa lalu
perempuan jadi perempuan kuat berani hidup sulit pertangungjawaban bila kamu nikah tdk bahagia silah pisah jgn meni kalau mau study jgn takut lajang kalau fokus kejar karir hindar trauma waris anak,tidak percaya pasangan
please iya muak ky yaudah manusia punya jalan hidup sendiri punya trauma sendiri punya impi sendiri meni,tekanan sosial
true im stil in my early s kerja wanita hebat blm meni in their s but their lifes lok perfectly fine i dont mind being late drpd hidup dgn trauma sakit hati karna salah pasang karna buru i put al my trust in gods timing,trauma masa lalu
kaka rahasia uang tabung suami meni th soal kalo tau pake balik lama trauma uang tabung kaka anak suami boros,trauma masa lalu
lihat poto orang meni aku menang entah aku trauma pgn titik mikir smpe sana bahagia,trauma masa lalu
hajun prompt cw mpreg sa hjw jh meni lama hampir tahun mrk tak kunjung kabar baik kandung jh lemah karna faktor trauma pernah sa masa lalu suatu jh hamil akhir pasang anak lakilaki hadir,trauma masa lalu
jangan main encer ambil simpul mandul periksa dulu dokter sperma layak sehat cacat jangan self diagnos and cowomu luka trauma sendiri karna leceh alangkah baik kalian mau meni periksa sehat aj,trauma masa lalu
paling gong bilang gin gausa trauma orang tua cerai wah makin emosi baca kak bejir memang my family broken tutup takdir ku meni masa meni emang gila tuh orang,trauma masa lalu
slalu tanya kapan meni orang single kalo punya pasang publish trauma nikah ken nikah pernah gagal masa iya hrs nikah buru nurutin omong orang kalo gagal disalahin perempuan,trauma masa lalu
saking trauma rasa aman bulan kemudian heny family mutusin australia tetap sana sekarang btw tahun kemudian heny meni bule bukan hiks,trauma masa lalu
intergenerational trauma is real banyak orang putus meni terus turun banyak orang engan laku bukan gabisa punya anak,tekanan sosial
makanya heran lihat gen transisi kyk milenial gen z awal lebih pilih mau meni selesai diri bahkan meni childfre takut turun trauma calon anak sisi mau bagaimana,trauma masa lalu
aku mau meni trauma tl isi selingkuh,tekanan sosial
ngelihat dunia isi penuh selingkuh kdrt pokok trauma trust isue makin pilih meni,tekanan sosial
kaya kalo beliau meni aku baru trauma,tekanan sosial
nah case kyk gin makanya diobrolin calon suamistri awkward aplg bingung sendiri search explore tg hb meni tips trick jadi takut aplg sakit trauma tabu plis,trauma masa lalu
wajar mungkin punya value pantas dihargain segitu emg uang punya segitu jadi minta banyak kalau mau tetep single orang ibu meni mungkin trauma,trauma masa lalu
lihat ibu meni dgn lelaki salah yaps bokap smakin sadar klo jadi ibu buah kerja lo gakan prnh bsa risegn bnr iba trauma lihat nyokap sndiri kdg pgn rasany cuma tingal ibu bahagia in ibu,tekanan sosial
hahahaha ikr akhir jadi sempat takut trauma mulai hubung serius paling cuma dar butuh afeksi sekarang siap meni jang wonyoung,trauma masa lalu
komnas lindung hp tuh ibox o eh tau takoyaki manhwa wkwkwkw kalo request santai bos jual ramah sekali gin dagang laku damn berani kdrt gin meni muncul trauma baru,trauma masa lalu
boyke ungkap buah kasus nyata cukup kejut mana orang anak alami trauma hinga meni dengar jerit orang tua hubung intim lama bertahuntahun via,trauma masa lalu
sory to know beibya alah beib aku meni diselingkuhin trauma i fel kamu meni beban lebih berat ikat sucipeluk jauh,trauma masa lalu
untung al waras karirnya nekoneko peduli keluarga bahkan sangup meni anak pertama alami getirpahitnya orangtua pisah tuh resiko gede njir banyak trauma ignored keluarga,trauma masa lalu
puas potensial trauma kak konteks al untung waras pilih meni lama berkarir nekoneko,trauma masa lalu
beberapa hari lalu bicara ibu kakak aku nyangka nyata kakak ku paham maksud lama kaya gin tuh apa jadi ibu tuh selalu desak aku segera meni baru kemarin kakak ku jawab gin anak punya trauma tuh benar ortu sendiri,trauma masa lalu
isu lockdown makin lebar entah bener apa jelas trauma lockdown tepat hari penting hidup meni hamil lahir susu alah mau ngalamin masa lockdown siksa stres,trauma masa lalu
laki mg sulit ubah sifat trauma bahkan abis nikah sifat jelek laki makin tambah parah lek pacar sendiri bilang capek yowes sat pisah arti doi terima kurang meni tg saling nrimo kurang masing pihak,trauma masa lalu
untung jadi trauma meni,tidak percaya pasangan
kalo sya posisi kata damai ambil hak asuh anak bolehin ketemu dgn ibu why dibohongin trauma bukan cuma suami anak medis trauma si anak meni diwarisin anak,trauma masa lalu
hahahahaha moga segera lowong pusat trauma meni,tekanan sosial
meni jangan sampek trauma terus meni,tekanan sosial
akhir bahagia moga kasus mati ibu selesai sairung jati diri sendiri trauma mrsun atas de gudji jadi sunsairung meni we love a lot of sun ep ilovealotofyouep,trauma masa lalu
aku dulu sangat meni bener ngebet skrg aku liat orang nikah fyp maupun eksplore orang nikah aku skip mual takut kalo jadi trauma bjir,trauma masa lalu
orang trauma meni selalu bilang kalau kamu nikah wkwkwk lucu,trauma masa lalu
trauma terima keluarga pasang real banyak mandang kondisi keluarga kaya broken home beberapa orang ngaruh personality hidup anak meni bahkan takut jadi aib aku ngalamin maki tante mantan dikatain murah,tekanan sosial
mbak maf meni apa mbak pernah tungkak cangkem mungkin sedikit trauma mungkin mbak maf minta maf,tidak percaya pasangan
makin trauma parenting ortu lakuin makin bayang gamau jadi nyata aku jadi salah satu jadi solusi obat dulu trauma mu baru mulai lembar baru entah meni milik anak,trauma masa lalu
ben there bahkan bantu hina kasi kerja bantu nikah kasi modal rencana mau bunuh mama trauma akhir pilih meni muda alhamdulilah mama sehat skrg umur tahun karma is real just wait,trauma masa lalu
bang pilih meni sunah anjur kalo lo ngerasa dg meni banyak kewajibanhak pasang lo tunai lebih baik jangan meni dulu doain moga lo sembuh trauma lo semangat bro,trauma masa lalu
ending cerita risma rumah susun hirotada radif risma pindah jakarta tante leli lulus sma kerja meni terima hilang ibu vera harap vera selamat tetap trauma lihat flat kosong kini angap angker picu kilas,trauma masa lalu
bagus kalau kamu sadar banyak trauma healing ngajak anak orang hidup rumah tanga meni hak masing orang meni jiwa mu sehat walafiat mampu bimbing keluarga sisa doa,trauma masa lalu
meni satu keluarga sebenernya halhal wajar mungkin sifat calon mertua saudara krg kenan klo bs posisi diri gp imo sedikit masalah diri sosial entah trauma,tekanan sosial
hm kalau emang cukup bahkan lebih emang banyak mungkin hitung trauma keluarga beda kalau meni kalau emang niat lanjut turun nikah,trauma masa lalu
syarat g cuma asal sukatapi kudu wajib fardu mampupendidikanmentalfinancialkalo mental kau rasa g mampu unt meni n punya anakitu gpbuat pa meni unt sakit pasangandisakitijika meni traumamending no meni butuh banyak aspek,tidak percaya pasangan
kuat kak aku selalu benci orang meni lalu punya anak cuma tatar sengsara alias punya anak ajang lampiasin dendam trauma diri ujung tuntut anak rawat masa tua pernah pantas,trauma masa lalu
tetep butuh kak mungkin bkn pasang banyak perempuan survive hidup laki single mom fatherles perempuan meni cuz kdg laki jadi trauma parah perempuan wel laki hidup perempuan but kn how many,trauma masa lalu
adikadiku manis sedikit muslimah trauma panjang pacar meni lelaki jalang islam mulia wanita muslimah tetap punya tangung jawab jaga hormat diri sendiri yuk ajar punya akuntabilitas diri,tekanan sosial
trauma meni banyak perempuan,tekanan sosial
lepas fod alergies or fod trauma hampir pangan hasil alam edible whether animal or plantbased adab manusia dulu survive dng konsumsi apa beri alam betul stay single meni sesuai selera,trauma masa lalu
rasa sembuh tibatiba cowo dateng ribu baik usaha luluh aku bln coba ambil hati aku akhir luluh ngobatin trauma aku kasih baik aku hampir meni nyata lelaki teduh,trauma masa lalu
simpel sebenernya meni sekali umur hidup kalo turut pilih ngertin km mau terima keluarga tanya soal tangung jawab utk depan gmn saran jgn mau cowo suka ngeluh gamau usaha duh trauma,trauma masa lalu
yah cerita kakak kadang mirip faya entah sometimes cara sikap vibes apa aku as a whole nyamain cm aku liat beberapa and instead of having a child aku lbh amaze kakak berani meni trauma coded,trauma masa lalu
emir mahira jadi alari kusuma bin fulan orang pria meni karunia anak perempuan cantikpunya trauma hidup,trauma masa lalu
makin laku begini makin banyak cewek naksir literali mau meni pacar hubung laki bukan naksir jenis trauma mau penting soal,tekanan sosial
cerita bukan cinta indah cinta pergi lyra rayan nama simpan luka diam lyra trauma kali gagal meni salah ambil langkah sepenuh bukan mau,trauma masa lalu
orang meni kitakita trauma,tekanan sosial
bohong kalo aku trauma aku suatu hari punya keluarga sendiri cemara meni punya anak,trauma masa lalu
teman umur meni jauh teman sekolah teman kuliah masalah jebak umur sekolah banyak trauma nyerah,trauma masa lalu
telusur fb ko banyak fb nyata orang tipu gtu sakit hati trauma bodoh mau meni orang ntah apa isi pikir ibu,tekanan sosial
neng orang doain moga jodoh baik abistu langsung sedih banyak trauma ragu meni,trauma masa lalu
bukan trauma meni alam keluarga sendiri kakak beri nikah kurang sehat aku berfikir beberapakali utk yakin tahap nikah,tekanan sosial
so far temen aku agnostik religi pilih meni patriaki trauma lihat ibu siksa bapak,trauma masa lalu
sblm meni atur klo antem jangan depan anak trauma,trauma masa lalu
tambah orang kalian biasa suka nyalahin victim blaming ibu milih suami nyalahin anak korban fatherles trauma punya men father isue sumber masalah banyak bertangungjawab meni mau enak,trauma masa lalu
alah dengerin mbak ngomel anak makin mau punya anak lebih meni siap takut bimbing takut putus trauma generasi,trauma masa lalu
kurang kak punya opini gin janda dgn anak kerjangurus anak meni bener mandiri trauma lakilaki mokondo tg jawab,trauma masa lalu
capek hati aku pendam rasa rela sakit hati adik kandung lihat perhati kakak kandung sendiri meni dgn orang punya trauma luka akibat cerai orang tua dik ibu salah kemudian meni,trauma masa lalu
klo lanjur nikah ywdh kasi anak jadi trauma lpa lapor goals anak sebut cerai sekarang tugas kasih didik masyarakat meni under age,trauma masa lalu
tau karna trauma apa gimana aku ken meni aku takut aku pasang susah berat untumnya aku ken punya anak aku takut anak bahagia karna aku ibu,trauma masa lalu
meni jodoh selalu baik selalu buruk kata khawatir soal jodoh soal jodoh tetap alah sedih wanita baik mama rasa trauma pindah aku,trauma masa lalu
anak cowok sayang ibu lihat trauma putus rantai patriark meni,tekanan sosial
cowo cewe cakep punya trauma komitmen moga segera beri lega hati alah mau meni punya anak waris gen cakep serah mau ngapain no komen,trauma masa lalu
hahaha dikit trauma ajak buka pola pikir aneh kesiap nikah tu penting mental ekonomi meni bukan takut laku meni bukan nyatuin manusia nyatuin pola pikir nyatuin keluarga,alasan ekonomi
orang pernah meni trauma gagal rumah tanga akhir perawan tua,takut gagal membangun keluarga
byk artis umur atas blm meni cinta pean trauma jadi baik jgn mikir meni dulu meni salah satu dasar adlh cinta,trauma masa lalu
betul sekali mba memang lelaki tara hewan untung ibu meni pilih belah diri lahir trauma bekas lihat lelaki ludahin,trauma masa lalu
lelaki wanita luar biasa trauma relationship sempat meni jadi mau nikah bahkan dlm waktu dekat kurang tahun alhamdulilah rumah tanga sangat bahagia,trauma masa lalu
bagaimana cara sikap tau pasang mu mau meni karna trauma apa tetep mau bujuk bagai cara tingal,trauma masa lalu
ken bantu kalo gadis pernah meni aku trauma,trauma masa lalu
okay but rather than kerucut poin arah solusi latar belakang perempuan trauma meni lahir pilih blaming sangat halus putus dasar takut valid,trauma masa lalu
mau menikahpunya anak pilih jaman skr byk timbang bkn hak ngejudge kurang tatga bersyukurtrauma pernah tau isi hati orang drpd judge mending urus masing sikap baik orglain jgn jahat jgn saling ngerugin,tekanan sosial
lebih nyesek lagihubungan nyata langengbahkan meni honeymon jepang negara pernah ku mimpi kunjung bareng tuju istrinyadan akumasih sinimasih trauma mulai hubung baru,trauma masa lalu
mbak aku trauma mama sendiri kecil aku berfikiran aku jadi ibu meni mungkin bagus mama nyalahin anakanaknya sbg alas gabisa waktu muda neng kerja main bebas im scared to be a bad mother to,trauma masa lalu
pernah mikir kaya gin nikah meni nyata benda asing apa masuk tubuh jadi ancam aku bukan aku mau tubuh ubah hormon nyata jadi aku sekarang trauma,trauma masa lalu
aku pernah meni kandas bun skrg mau meni tuh rasa trauma makin banyak makin takut kandas,trauma masa lalu
at the end of the day aku meni ujung kalau suka konser kaya aku cukup teman paksu cape coba jali teman baru nctzen aku temin irl selalu zonk terus akhir trauma,trauma masa lalu
trauma batal meni,trauma masa lalu
aku trauma dgn pasang gimnick kojiyudirestui akb gimnick abis graduationsemua karam habis yuko meni jumpa pernah,trauma masa lalu
tau asa takut kapan takut meni takut ningalin mama adik bungsu takut masa depan keluarga sendiri trauma broken home umur dewasa bener se takut,trauma masa lalu
jangan buruburu nikah cuma umur tekan keluarga teman menikahnikah bukan lomba salah pilih pasang kamu sesal bertahuntahun trauma umur hidup tungu tepat jangan hilang diri sendiri,trauma masa lalu
meni punya pasang bilang kalau suatu aku ketemu orang tepat waktu tepat sedikit banyak pengaruh rasa pantas tengah usaha lupa trauma aku rasa layak,trauma masa lalu
as we know sieun punya orangtua peran sana sgt mungkin takut meni punya anak but he met the right person suho cinta penuhpenuh smp dmn sieun ajar mau benar ngasih trauma anak,trauma masa lalu
nambah alas baik ush meni jujur baca sj trauma merinding apa klo ku cek fb,trauma masa lalu
nikah pernah meni trauma siapalagi kalau bukan aku,tidak percaya pasangan
bukan malas trauma pernah masakin orang rumah gada makan utuh dikatain bapak ibu gaenak aneh untung habis meni suami selalu exited masakan,trauma masa lalu
kalau wibu juang taruf fokus kerja sandwich trauma cewek overthinking tangungjawab meni sosial awkward cewek,tekanan sosial
kalo kalian heran cewecowo umur jelang lebih tahun bom meni gausah mikir masalah makanya gada mau siapa tau emg trauma usaha damai dgn trauma,trauma masa lalu
orang cerai meni a ulang trauma nikah b fokus besar anakanak c temu damai sendiri hilang percaya lembaga nikah,trauma masa lalu
pilih lajang bukan trauma ekonomi sadar diri tren meni in this economy makin relevan kalang gen z headline,tekanan sosial
cengang lelaki buku erti orang habis baca buku jadi takut meni karna beneran trauma tengah mati jadi lacur suami sendiri jadi lacur orang,trauma masa lalu
pilih meni bukan ekonomi trauma maklum,tekanan sosial
baru td pagi ngerasain hopeles pasang dng pnya kriteria sndri mau turunin pilih trauma ms lalu jadi mulai ikhlas entah meni lindung calon anak buruk dunia,trauma masa lalu
apa alas utama ratu elizabeth i pilih meni ingat tekan politik trauma pribadi bagaimana pengaruh putus strategis tahan kuasa tengah ancam kudeta,trauma masa lalu
ratu elizabeth i tak pernah meni jaga kuasa tetap utuh hindar pengaruh asing mungkin pengaruh trauma masa kecil nikah tragis orang tua henry vi ane boleyn,trauma masa lalu
mungkin trauma meni,tidak percaya pasangan
kalau kamu punya pasang rencana meni baik sempat ngebahas soal preferensi seksual jujur buka misal soal fetish pribadi fantasi alam trauma punya anak engak kamu aseksual,trauma masa lalu
tarik sekali trauma masa kecil cinta tak balas elizabeth i memang jadi alas kuat pilih tak meni teori konspirasi pria lebih spekulasi sulit bukti apa,trauma masa lalu
kalau mau alami banyak luka trauma masa lalu sembuhin dulu utama kamu putus meni,trauma masa lalu
baru td pagi ngerasain hopeles pasang dng pnya kriteria sndri mau turunin pilih trauma ms lalu jadi mulai ikhlas entah meni lindung calon anak buruk dunia,trauma masa lalu
takut meni hilang kamu meni percaya karna aku dulu takut nikah takut malam pertama aku punya trauma sekarang yea,trauma masa lalu
woy mama tau kalo aku adik cewek niat nikah kalo diceramahin aku cuma bilang aku mau nyakitin mental cuma karna ongok lakilaki aku pilih banyak uang meni sulit punya uang trauma,trauma masa lalu
bukan trauma trust isue sebenernya cuman takut meni takut nafkahin anak orang takut nyukupin butuh takut nyekolahin anak sekolah baik salah satu hina alah,trauma masa lalu
waktu umur baru diburuburu nikah tau aku simpan trauma jujur jadi tekan aku ibu liat khawatir takut anak gadis meni jadi perawan tua kali mngkin krna desa umur segitu uldah angap mau menopause,trauma masa lalu
nasehat bener meni tuh nentuin nasib anak depan kamu bahkan gatau sender punya trauma apa valid rasain sender soal ngerasa unfair kamu hak ngatain orang bodoh,trauma masa lalu
mba ken nikah punya anak kyanya mba sendiri rasa trauma dik orang tua its oke ortu bawa surga brati ortu egois ajar agama utuh meni keturnan sunah paksa bnyk mudhorot ny,trauma masa lalu
suka marah krna sandwich gen mikir pas mau punya anak byk keinget trauma ibu pas th meni blm punya anak suruh cerai smpai akhir alah nitipin aku rahim mental emak kena soal prnh deptalk mata gabisa bohong,tekanan sosial
mandang ibu pov perempuan benarbenar sakit aku anak perempuan trauma pilih meni urus orang tua tuhan pangil,trauma masa lalu
kalau nayanda trauma dulu pernah gagal cinta meni ade orang trauma mungkin kamu kurang suka lihat konflik nayanda nikah suami kembar turun ranjang,trauma masa lalu
kalau jujur aku trauma dlm suatu hubung bapak sendiri aku sayang bapak aku suka sifat buruk kapan lalu aku nang pas liat blio sifat buruk rasa degdegan mampus takut meni orang salah,trauma masa lalu
hari pertama meni langsung kasih anak pertama moga anas trauma punya ortu kaya,trauma masa lalu
iya yu aku pikir kamu kalo nikah umur tua lebih baik usah meni kalo trauma maksain takut masa lalu kasi anak gatau apa tangung trauma salah satu ortunya,trauma masa lalu
tua punya pacar rencana meni apa iya kata orang punya trauma,trauma masa lalu
pikir bangun trauma kalau cinta cuma salah satu lebih besar bodoh mulai komitmen entah pacar meni saling apa kalau cinta gimana nerima lebih kurang,trauma masa lalu
kaya gin gaboleh trauma ambil putus meni,tekanan sosial
orang teman ngobrol warkop kata nyari hasil tambah kalau sekarang cuma hidup diri sendiri mungkin lo jadi lebih berani cari pasang pikir meni mungkin atas trauma masa lalu,trauma masa lalu
cerita alam temenya lama pacar pihak cowo nge tf smua gaji cewenya eh cewenya selingkuh smua duit bawa kabur akhir skrg gamau meni trauma yah smoga sender gtu,trauma masa lalu
changmin meni jadi trauma besar panjang jadi kpopers,trauma masa lalu
abis lihat rp main cast the trauma co de meni,tekanan sosial
tenang kamu sendiri deptalk online hadap takut meni ngobrol bareng psikolog temanbertumbuh gali bareng takut muncul apa hubung trauma masa lalu gimana salah pilih pasang,trauma masa lalu
jebule trauma iki mas teguh bang utun enga mau meni mau cinta,trauma masa lalu
aku engak niat meni maskenapamelihat nikah jujur aku traumakenapa kamu engak lihat nikah mas contohiya kalau ketemu jodoh baik layak jodoh mas orang engak,tekanan sosial
bener soale kaca ku teman ku meni akhire trauma dewe,trauma masa lalu
bapak sendiri laku tsb jadi trauma meni alhamdulilah kalo rumah tanga ane adem ayem tentrem,trauma masa lalu
beban atuh pak anak jadi apa harap orang tua lalu angap jadi anak lalu anak trauma kemudian meni waris trauma generasi ikut,trauma masa lalu
cari cinta baru trus jalan beberapa bulan bahkan mungkin ampe meni jauh lebih gampang drpd sembuh childhod trauma ajar cinta diri sendiri jadi tuhan kalau memang kau turun uji kuat iman,trauma masa lalu
hapy sebenernya hapy otw harqel meni rada trauma konvoi terus lama abistuh badai alah hapy endingkanlah masyalaharqel salam namaste,tidak percaya pasangan
alas besar mau meni umur trauma keluarga beranta finansial,trauma masa lalu
aku jadi enak bapak anak mantau story ku terus mungkin baru lega kalau aku meni moga bapak pikir aku atas jadi i am fine gwencana sakit bukan anak pak efek akumulasi trauma tumpuk,trauma masa lalu
idk why punya feling ngerasain patah hati besar aku trauma umur hidup gamau meni amit smalem ngeganjel,trauma masa lalu
lebih aneh kalo sahabat meni mantan trauma,trauma masa lalu
trauma meni trauma punya anak wkwkwk trauma pacar wkwkwk masa iya hidup gin tingal,tekanan sosial
bener kak aku awal ngmg cowo klo aku mental isue trauma strugle tahun dgn obat psikiatri ajar soal sakit akhir stay aku meni gakebayang klo gatau aku gabisa jadi diri sendiri bahkan meni,tekanan sosial
selalu doa baikbaik samawa temantemanku meni lubuk hati ikhlas orang doa pikir nikah enga hehehe insecure trauma,trauma masa lalu
alhamdulilah jawab stlh trauma parah alah lgsg jawab doa diperjuangin ugalugalan meni syg keluarga jadi temen ayah main catur aku usahain kamu senyum biarin km nang aku ikhlas klo km nang orang,trauma masa lalu
enga aku liat mama meni ayah ku tingal rasa aku trauma mama mau cerai sekarang susah mama punya rasa takut ceritain suami suka ancam mau bunuh kirim ghoib,trauma masa lalu
mending gugurin kata adik trauma panjang aku lebih takut si adek jadi dewasa dgn trauma punya anak mirip ayah lebih keri meni trauma g hilang,trauma masa lalu
laku perkosa meni hukum mati rajam cari alas tolak perkosa terus jadi tingal trauma sedih korban,trauma masa lalu
ortunya baik anak besar meni punya trauma hubung angap tak tau diri ngk lihat baik benarbenar baik,tekanan sosial
temen aku pdahal meni suka nang kadang benci tidk suara tdk bs lawan makanya aku bilang cuma diam korban rasa trauma sesal tdk apa,tekanan sosial
aku jikalau meni beda agama soal se agama se alim jadi trauma,trauma masa lalu
efek selingkuh luar biasa besar anak orang trauma umur hidup bahkan sicide saking kuatnyamakanya hukum islam zina meni rajam tanam hiduplempar batu mokadsupaya takut selingkuh,trauma masa lalu
baca van langsung nyamain kalo orang pilih meni karna takut pacar zina hamil jangan digeneralisir orang meni pilih zina emang punya trauma,trauma masa lalu
orang tua buru mau jodohin gt cm depresi blg gabakal meni trauma sisi kesel jadin buah sempat utk mudah ngurus kuliah sana,trauma masa lalu
seksual trauma masa lalu waktu pacar gimana pegang sentuh diam ken cium mesra kalau stlah meni mungkin bukan heteroseksual trus pernah lirik kagum kaum jenis coba tes,trauma masa lalu
bener tarik sejak awal meni bukan karna lahir soal kalo salah pernah baca suami gairah karna takut trauma liat istri lahir,trauma masa lalu
i know it must be another love scams aku pernah meni istri tingal celaka sedang vc jadi skrng aku trauma kalau mau vc come on,trauma masa lalu
denger kabar kalo ex mau meni ngerasa ko lo secepet sini coba jalan pelan trauma lo tingalin gede,trauma masa lalu
banyak takut meni bukan trauma masa lalu selesai hypnotherapy,trauma masa lalu
yes aku nikah hutang keluarga selesai ibu tuju meni posisi aku selesai diri sendiri keluarga trauma,trauma masa lalu
kalau cita kamu jadi irt sangat mulia mba orang saran stop visi beda aku kenal orang emang cita irt trauma sepi masa kecil meni suami mau istri rumah akhir tetap ratu istri,trauma masa lalu
aku punya tuju meni wanita trauma ku takut meni,takut gagal membangun keluarga
meni pernah punya trauma mariage life lihat orang tua kalian misal imbas kalian lalu gimana kalian akhir yakin mantepin hati kalau kalian meni,trauma masa lalu
alas utama lama putus meni trauma keluarga pernah hina dendam alih positif rumah komplek elit at least punya komplek baru pikir meni nikah langsung cari restu ortunya,trauma masa lalu
selamat hari buku ka meilinda sutanto ka bahas trauma antar generasi cara sembuh cocok baca putus meni,trauma masa lalu
in this situation lebih pilih meni nder karna apa maybe punya trauma sendiri nama nikah utama nikah orang tua yakin kalo ngejalanin nama nikah,trauma masa lalu
blm resmi jadi mantan ngasih trauma sangat besar pernah prinsip gamau punya pasang gamau nikah umur hidup mau nge jomblo being a single mom janda kembang wqwq,trauma masa lalu
trauma jadi umur mateng nikah thn,trauma masa lalu
pas jebak toxic relationship bingung handle my childhod trauma pas verbal abuse mantan pas putus bingung cara move on krna gagal nikah suicide thoughts hilang minat self harm barcode bingung cara mafin orang tua lang tuh,tekanan sosial
yalah aku trauma ah langsung nikah kaya,trauma masa lalu
kemarin baru nikah noh trauma thn akhir wkwkwk,trauma masa lalu
perempuan skrg gamau nikah banyak nikah kali trauma lebi nyaman dildo,trauma masa lalu
nikah orang selesai masa lalu diganguin your husbands ex tuntut eyang blm keluarga suami mitra someone so caled ayah recaling your trauma and now this narasi shit maf readers kena mental,trauma masa lalu
apa aku gausah nikah tanya sering muncul kepala lepas sakit trauma aku rasain sakit aku ceritain orang bahkan orang paling deket sekalipun mungkin terlalu lebih orang ngerasain aku rasain,trauma masa lalu
rafayel tuh trust isue hampir trauma nikah soal damn blud did it again,trauma masa lalu
oke monjung nikah arti aman jangan trauma,tekanan sosial
batal hasil trauma bapak mending nikah,trauma masa lalu
one wp mana cewenya grapa grepe tiap malam kakak sendiri trauma kali hampir kaos diselamatin second lead ujung milih kaos drpd bunbun abis mau bundir ujung nikah kakak,trauma masa lalu
nikah suatu hari ngerasain cinta cowo tulus tangung jawab trauma banyak,trauma masa lalu
nikah dg orang tepat gabungin resource baik hartabendapikiran enak jalan kalau salah cape hatibuang uang paling rugi plg byk buang resourcenya bahagia biasa ngajak orang ikut trauma,trauma masa lalu
somehow aku kgn ex bf aku i learned so many things in life from him including jangan lindung bawah trauma kamu sendiri orang usaha sembuh trauma bomtp kalau lanjut tkt ajak nikah gmw gumawo,trauma masa lalu
el kasi gusti gimana jadi dean lebih kasiangimana g keseluda tau trauma tg jodoh pak tara ikut andil tua bangkael ajak nikah elkeburu tu perut makin buncit plis,trauma masa lalu
dulu tuh ngebet kek mending nikah sekarang lebih kek emang damai dulu diri sendiri ngajak orang hidup tau banyak trauma selesai,trauma masa lalu
drama bagus waktu scene suami nikah rada takut trauma drama raja banyak selir cocok tonton kalo cari drama ringan positif,trauma masa lalu
ngedate nonton laen outcomenya mo nikah trauma aku,trauma masa lalu
nyuruh cepet nikah left me with financial trauma dumbases,tekanan sosial
sebenernya trauma liat swet begini klo ujung ny karam kek ny zenunew gx mungkin apalgi si nunu gx mungkin suka cwe klo hia klo mau nikah ama cwe,trauma masa lalu
aku gamau pacar aku gamau kenal orang baru aku gamau nikah aku cuma mau nyembuhin trauma luka ku sendiri aku butuh orang aku butuh diri balik utuh rasa sakit kaya gin,trauma masa lalu
aku nang liat orang cerai bayang sakit hancur gmn putus cinta pas pacar sakit bahkan trauma kalau nikah punya anak biasa bareng tbtb misah,trauma masa lalu
kemaren pas pulang ngumpul adeku bahas nikah wkwkwk ngomongin parenting trus hati milih pasang luka trauma gong adeku kelas sd dengerin paham,trauma masa lalu
kalau mimpi aku dijadin cerita au gimana aku mo nikah crush terus beresberes rumah berkas tautau nemu buku nikah nyata buku nikah aku orang nyata aku pernah nikah ditingalin aku traumaptsd,takut gagal membangun keluarga
pernah speak up keluarga temen rata marahin akhir dijodohin temenya temenku situ awal trauma nikah gara liat orang jadi alhamdulilah mau nikah ketemu orang tepat,trauma masa lalu
jauhin nder nambah trauma baru ye baru pacar ngasih duit emg calon suami kalau calon suami masuk akal krna nabung nikah pacar bukan takut nambah trauma nder kmu bilang matre apa kek bau duit,trauma masa lalu
trauma anak kawin lari pas sekolah cucu pertama selalu bilang pacar pas kuliah temen cewe rumah selalu tanda untung nikah hampir kepala,tekanan sosial
entah berapa perempuan luar sana harap ibu nikah ayah and it means banyak lakilaki brengsek sadar ngelakuin halhal keji istri bahkan anak ikut trauma,trauma masa lalu
terus beberapa hari nikah rumah kena teror kek bunuh si cewek sdh lihat kalo bunuh topeng badut layan rumah bunuh mansion penuh darah hinga trauma,trauma masa lalu
ken blm ken capek hidup rumah ken kabur keluar rumah lewat nikah soal rantau izinin ken siap mental ngeliat rumah sendiri broken jadi punya trauma sendiri,trauma masa lalu
anenya mau nikah kak karna trauma mantan kalo gaksalah moja pernah lepas ngomongin soal rencana nikah cmiw,trauma masa lalu
doa kaka lakuin apa kak sedekah subuh sholawat apa aj brp kali aku trauma ayah jadi takut nikah ken nikah cuma takut anak aku punya trauma besar kek aku takut anak ku punya rasa bunuh diri tips kak mohon sgt maksa,trauma masa lalu
kaka dulu dapet suami kaya gin apa kaka lakuin nikah doa apa kalimat baik apa kak sedekah subuh sholawat apa baca solat apa aj kak soal aku trauma ayah sendiri mohon tips kak paksa info,trauma masa lalu
chia calum trauma nikah kalau odie hamil apa muncul takut fyi the later,trauma masa lalu
kasihan temen aku besar figure sosok ayah pas nikah harap laki jadi lakilaki tempat sandar eh nambah trauma,trauma masa lalu
tadi pikir bahkan cenderung trauma nikah but now i met him and i started daydreaming about being his wife,trauma masa lalu
kalau singung masalah anak hamil sdh muak tau trauma ah tau kalau nikah blm punya anak aib kalau selingkuh bukan aib wkwkw telaso mafin nama tua justru sdh tua paham,trauma masa lalu
jgn gila nikah trauma,trauma masa lalu
soal aku emang mau nikah mariage is scary cukup jadi tonton trauma aku wkwkwk,trauma masa lalu
pwenah nyeplos gin emg siapa mau nikah mak langsung nang kata gagal besarin trauma ama laki bapak alias suami ndiri,trauma masa lalu
thefirstnightwiththeduke please scene nikah terus punya anak durasiny panjangin trauma the haunted palace durasi ending bahaginya cuman cuil,trauma masa lalu
trauma usah nikah kali,tekanan sosial
trauma gabakal hilang turut soal leceh aku semenjak mama nikah waktu aku kelas aku awal neng punya ayah baru nyata jadi sumber trauma mulai kelas sd suka masuk kamar raba aku,trauma masa lalu
nder punya trauma apa segitu lho awal nikah jelas liat baikbaik lo gin sejak awal emng demen keluarga laki lo,trauma masa lalu
kau may dluan nikah fak anak se trauma rumah tanga ortu bilang nikah,tekanan sosial
titik mau nikah mau punya anak mau orang ngerasain sakit trauma mau ngewarisin trauma anak mau jadi sumber rasa sakit orang,tekanan sosial
duaduanya punya trauma masing terus tbtb jadi bareng nikah kontrak terus emosional per karakter dapet pol,trauma masa lalu
aku ngeposting pacar soale ganteng nder trauma tikung njir jadi cukup tak simpen galeri waktu nikah baru ku posting mesra,trauma masa lalu
orang punya trauma nikah kontrak,tekanan sosial
ih aku lupa au mana cerita sunsun mantan terus jadi sugdad terus nyata hun mas ngejar sun n hilang trauma sun terus ujung nikah aku lupa aku suka hue apa kakak deact,trauma masa lalu
beneran aku smp trauma lama thn nama laki mau pacar alhamdulilah ketemu suami cm bln langsung nikah,trauma masa lalu
nda mau nikah trauma cowo,tekanan sosial
bang baru buka suguhin berita cowok nikah anjg trauma buka stres baca stres nikah stres,trauma masa lalu
first iksun junwan iksun dapet lelaki model mantan trauma terus tbtb dapet junwan iksun gamau nikah mau tetep pacar iksun kapan karna cuman mau iksun sempet,trauma masa lalu
haha tambahin jadi top dasar data lebih updatenya film nonstop nikah dep talk emoji rants venting gila rokok trauma,trauma masa lalu
iya hahaha opini orangorang selancar salman trauma nikah sekarang cocoklogi maksa lihat fakta,trauma masa lalu
astaghfirulah ortunya mending dilaporin polisi mana minor anak obatin trauma dlu napa bayang gimana asa anak kasus leceh bnyak trauma smpe mau nikah kaos,tekanan sosial
kek i have a lot of trauma back then tiap deket ama cowo before mine now kek gabisa alhasil nge ghosting chatan cuma ama si fred tetep kekeh ngajak nikah kwkwkw,trauma masa lalu
tuju alas blm mau nikah usia thn bnyak tmn nikah ala kadar penting dpt pasang sendiri rasa trauma gen sandwich lepas ken rasa pergi jauh ln punya keluarga,trauma masa lalu
ce aku nonton trauma code nunjukin juji iya bagus pernah main cewe mungil si siapa ra main back come back to me putar otak hah nikah asisten real apa drama beneran jang nara iya,trauma masa lalu
nikah trauma,tidak percaya pasangan
terus habis nikah apa trauma sad end,tekanan sosial
jawab tanya mba sendiri nikah kalo nemu kasus tanya base kira mba ken jawab apa lakilaki sebut soal percuma jawab apa mba gakan mau percaya misal mba punya trauma moga sembuh,trauma masa lalu
aku ngerti kamu mungkin engan niat nikah hak kamu mungkin kamu punya trauma inti nikah tuh indah jangan lihat sisi indah satu doang inti kalo kamu rasa bahagia sendiri masalah,trauma masa lalu
wkwkwk aku blg suami tau dulu gausah nikah kalo nyata gin suami baik cuma kalo ngadepin mertua dulu mertua ku bener triger trauma aku blg psikiater kalo misalnpisah aku gamau nikah trauma,trauma masa lalu
turut nikah bukan cuma soal umur banyak umur fokus karier healing trauma masa lalu emang nemu pas lama hapy jalanin hidup sadar why not,tekanan sosial
jangan woy kenal dulu cari tau layar belakang tu cowok red flag soal nyokap jadi korban awal kenalin tetanga cowok liat alim baik eh nikah baru tau busuk nah sekarang nyokap trauma nikah,trauma masa lalu
mba kalo tau cowok pernah buly cewek tuh cewek trauma gimana mau nikah tuh,trauma masa lalu
untung tolol nikah,tekanan sosial
ajar agama mulai damai nama laki mutusin mau nikah ningalin feminismetrauma iya trauma badan kalo takut gemeter kalo tau marah rasa pukul sekarang,trauma masa lalu
pukul baru akhir pas nikah punya suami ngelindungin siap pasang badan kata kalo mau dipukulin jadi benci trauma cowo dulu sempet benci cowo akhir jadi feminist,trauma masa lalu
iso trauma durung tau nikah,trauma masa lalu
trauma nikah begini,tekanan sosial
tiba nglindur ma to jangan cium ros wkwkwkwk trauma kecup maut lama lho kek gin by minimal kamu nikah besok,trauma masa lalu
mau kenal laki jadi trauma nikah,tekanan sosial
skrg nikah punya atm sendiri trauma nabung celengan,trauma masa lalu
orang mau nikah punya anak disangkutin trauma nerima alas simple kaya mau hidup bebas tangung jawab,tekanan sosial
gausa ngajak aku nikah trauma besar ndelok bapak dewe,trauma masa lalu
gamau bahas sebenernya trauma bjil bayang buka cofe shop terus nikah punya anak lucu se lucu ceri anak aoubom memoirofratiep aoubom,trauma masa lalu
tingal bilang biaya aku mimpi nikah sekali umur hidup masa iya kamu kabulin kamu pikir cerain aku btw trauma nampaknya ambil hutang desa pihak cewek jadi resiko mau duda alam,trauma masa lalu
kadang aku bilang aku ken nikah punya anak tu krna aku sadar mampu batas aku gamau jadi beban baru hidup orang angap rendah kaum tuduh punya trauma luka blah,trauma masa lalu
napa ikut jaga jepang si trauma antem sana ayo jeve please nikah sana buruk,trauma masa lalu
pola begini tuh kalo ngw nikah si cewek strugle survive sendiri kasi jadi trauma diri sendiri turun trauma anak sendiri,tekanan sosial
real life kalian sebenernya pingin nikah bayang punya keluarga bahagia beberapa masuk trauma kalian takut utk meni aku tahun sbnernya blm utk meni gmn kalau misal tanya keluarga terus,trauma masa lalu
lebih trauma mana hampir nikah calon nyebur sungai,trauma masa lalu
duh momen nikah gin trauma ah,tekanan sosial
huft iya berat satu sakit karna cewek nikah bpk satu trauma gede tau karna apa trauma karna bpk,trauma masa lalu
yuan cacat trauma reja nikah cuma endingnya ngegantung kata sad ending emang pas baca novel sad ending kak yuan milih sword kaena sangup nahan trauma si cewek nyusul,trauma masa lalu
trauma kdrt orang males nikah kalo childfre mostly gegara ekonomi woy sadar diri napa,tekanan sosial
sp jiwa bicara kalau emang waras memang waras sana bukan emang awal nikah waras jalan panjang terapi tahun beban trauma depresi adres,tekanan sosial
trauma tingal nikah,tekanan sosial
temen tanya tiba jadi mau nikah dulu selalu bilang kalo mau tau trauma laki hati sedikit ruang sekarang besar ruang jadi ibu,trauma masa lalu
sial beneran punya trauma soal nikah mau nikah trauma garagara liat ortu,tekanan sosial
adeku teh si avan anak pak dahlan mau nikah sabtu ngundang aku adeku kadudampit wkwkwkwkwkwk satu ruang ketawa soal aku trauma kadudampit pernah nyasar jam,trauma masa lalu
mak sempat masuk rsj sblm akhir nikah bapak kakek smpk bunuh diri selalu ingat jadi klo manusia sakit hati klo keluarga perlakuin kek gty smpk skrng mak msh trauma nama huana pribumi,trauma masa lalu
kalau mau pasang doang nikah batang kara jangan cari keluarga mau gimana keluarga dulu nemenin pasang kalau trust isue ama orang trauma jangan nikah sembuhin dirilu sendiri aneh,trauma masa lalu
sebut trauma kait mariage makanya gamau nikahtapi kalo ngelihat bentuk kek gin tuh sbnrnya butuh nikah takut salah pasang kmrn tuh rels ig lewat video nikah nadin lamar huhu kaya neng ketemu orang tepat,trauma masa lalu
aku mku gamau nikah karna trauma ngeliat orgtua tkt slh psngn akhir aku nikah entah doa mku mana alah kabulin smpe mku neng aku laku baik suami keluarga wktu it aku serahin smua alah percaya alah ksh trbaik,trauma masa lalu
aku dulu sering bilang gt soal punya trauma cowok dulu pas kecil smp kuliah sering kena leceh akhir nikah umur dulu target nikah umur nyoba mau kenal cowok blm posthink turut bukan garagara nder gp kalo,tekanan sosial
kaga ngapain mikirin stres anjing trauma wanita ngajak nikah terus doi ngilang ujung wanita trauma,trauma masa lalu
nikah mungkin oke mungkin lakuin kalo punya anak kek gamau takut trauma keluarga gada mau paham kalo misal takut punya anak diomelin wajib idih,trauma masa lalu
jadi trauma punya anak alah jadi mau punya anak gimana jelasin keluarga ngarep nikah punya anak sekaranh pikir gimana kerja biayain adekadek sekolah,trauma masa lalu
minyas aku inget tau kakak princes putus terus princes nikah jiung terus princes label clothing kalo iya amour minta maf atas materai aku minta maf sebesarbesarnya kamu trauma,trauma masa lalu
debat siapa emg mau nikah my mum was in rage and then i said gara bapak aku gamau nikah aku gamau punya suami kaya bapak leher rasa cekat lanjutin kalimat wkwkak pgn bilang trauma bapak wkwkwkwk,trauma masa lalu
trauma kalo bahas nikah,tekanan sosial
trauma jol tingal nikah bjir,tekanan sosial
pacar selingkuh temen deket sendiri nikah aku trauma tahun maia ngadepin suami selingkuh temen deketnya kalo aku jadi maia tetep ungkit modar sihgak kata ampun pelakor,trauma masa lalu
trauma takut liat orang tunang trus nikah,tekanan sosial
trauma nikah,tekanan sosial
enga soal bapa ku trauma pertama berat hidup ku niat nikah takut punya laki kek,trauma masa lalu
aku prinsip mau nikah trauma sekarang gabisa idup suami definisi beneran mariage isnt scary kalau pasang tau cara nge treat bener mpreg,trauma masa lalu
banyak pasang muda sekarang pilih kumpul kebo ketimbang nikah bukan semata soal moral biaya nikah mahal takut gagal orangtuanya trauma sistem rasa adil bukan sekadar gaya hidupini cermin soal relasi percaya,tekanan sosial
kakak masa muda mes kakak pertama nikah umur kakak tengah aku umur tengah lajang calon gada pernah calon udahan aku trauma takut gamau jadi istri tetep suruh kerja aku mau kerja hobi,trauma masa lalu
aku minta nikah intimate narasi ibu sok blg tega masa mbak pesta besar adik enga aku hrs dunia jadi anak tengah dg segala trauma takut dlm kandung dunia pihak aku,trauma masa lalu
gamau nikah pgn child fre cmn perkara trauma cs agama cewe g wajib nikah semenjak dik dtng trabas i can se the father figure in him thats why aku bkn tkt selingkuh lebih tkt wow amaze plot twist hidup,trauma masa lalu
feminists rejoice grown as men crying during nikah by caling it healing of trauma celebrating love months later they cal same man as harbinger of trauma and feminists rejoice divorce of same couple as some liberation of soul feminism is a mental ilnes,tekanan sosial
banyak pasang muda sekarang pilih kumpul kebo ketimbang nikah bukan semata soal moral biaya nikah mahal takut gagal orangtuanya trauma sistem rasa adil bukan sekadar gaya hidupini cermin soal relasi percaya,tekanan sosial
ide siapa suruh nikah korban trauma takut ingat suruh damai tingal rumah,tekanan sosial
tambah gamau nikah karna lihat jalan nikah ortu trauma beri langsung,trauma masa lalu
hapus kak aku trauma ajak nikah,trauma masa lalu
aku kalo ash blm cerita masalah pernah interest soal nikah mungkin niko tanyain ash cerita jadi niko tau ngertin satu posisi klo trauma gede emg triger yangterbaik niko ash,tekanan sosial
trauma dideketin mokondo modal mikir gampang bukti cinta paling mudah besar cuma dg duit nikah,tekanan sosial
restu beda percaya mantan banyak orang ln orang tua mau nikah orang indo lakilaki deketin indo rata mokondo patriaki suka fisik bkn personality trauma nikah aku anak broken home,tidak percaya pasangan
nyampe nalar isilop kalau perkosa nikahin like wtf nikah orang ngasi trauma umur hidup mending bundir,tekanan sosial
aku mau nikah kak mau punya pasang keluarga harmonis baik akhir hayat nama rumah tanga selalu jalan sesuai terus kalau mau kadang suka trauma kayakny,trauma masa lalu
orangorang nyuruh laku perkosa korban nikah moga kalian dapet azab yt pedih dunia cm akhirat bayangin orang trauma berat suruh nikah orang trauma berat the hel is waiting for kamu,tekanan sosial
im yo now and stil havent think bout getin maried aku kaget tiap dpt undang nikah temen kek bayi ngapain nikah also me personaly i hv a trauma not from my parents so yea i told my friendsfamily i wont getin maried kena judge,tekanan sosial
lukat soal kali pacar kali diselingkuhin tingal nikah wes trauma,trauma masa lalu
resmi trauma kata nikah ned some times to reconcile with nikah word,trauma masa lalu
aneh korban suruh nikah laku what trauma masa suruh tingal bareng laku mana laku lakuin cuma hindar hukum,trauma masa lalu
sbnrnya trauma cowo apa kgsi kalau kek gin bnr muak ngebayangin bs nikah orang gbs mau muntah jing,trauma masa lalu
jujur aku pikir mau nikah trauma liat rumah tanga ortu sendiri iring jalan waktu tbtb alah kasih aku jodoh baik rubah aku benar nyangka titik meni punya anak,trauma masa lalu
dulu pernah kasus pihak isilop nyuruh bayangin si korban trauma ketemu laku suruh nikah,trauma masa lalu
wktu cwekny minta maf akukrna tmenku klarifikasi trus orang kya gtu trnyata kurang sosok peran ayahantara ayahny ningalin ayah nikah lagijadi aku nyalahin cwek itukrna punya trauma trnyata ayahny nikah,tidak percaya pasangan
teman aku juang please trauma dulu pas kuliah pernah nemenin babi juang baru kerja bula gatal cewe big no aku capek survive nafkahin diri sendiri lama kalo nikah mau nafkah sesuai kodrat,trauma masa lalu
sumber trauma utama lo nyangka kalau temen tk ketemu sma mula hidup penuh gila final bos warna moga cepet nikah mikasa,trauma masa lalu
first met up enak bahas ringan nyambung hobi film favorit makan suka cerita lucu masa kecil hindar dulu topik berat mantan trauma nikah mingu depan penting obrol ngalir samasama nyaman,trauma masa lalu
trauma gagal nikah,tekanan sosial
buah pikir aneh kalo korban perkosa lapor suruh nikah laku jangan liat muka anjing liat mirip badan orang ngelecehin jiji trauma,trauma masa lalu
maybe kalo nikah yes wlopun laki jaman skrg makin khawatir kalo anak skrg no gatau masa depan gimana jadi pikir ubah tulang pangul sempet retak sempet operasi pasang pen jadi trauma emang,trauma masa lalu
aneh dunia aneh masuk logika orang gila nyuruh damai nikah gampang emang kalau nikah trauma sembuh kira menuhin tangung jawab tambah sakit jadi korban,tekanan sosial
jadi inget ajak antem westard cuma karna punya hc mc nikah li punya anak karna trauma nikah mungkin ortunya cerai bukan arti hc salah woi jelas tulis mc bukan mc,takut gagal membangun keluarga
mbak wo nang minta maf kelar trauma mau nikah dapet wo istilah duit balik ubah apa kadung ambyar,trauma masa lalu
dulu sempet mikir mau nikah mau punya anak takut nurunin trauma anak pasang but who knows sekarang sayang ugalugalan pria sangat meni,trauma masa lalu
langsung konek wkwkwkwk ikut trauma koar temen kalo cincin nikah tau couple an anj tujuh,trauma masa lalu
kasus weding organizer ajar nama rugi imateril duit juta dikembalin punya hajat tangung malu momen sakral akad nikah sekali umur hidup rusak timbul trauma lama wo tangung,tekanan sosial
trauma aku bzir adik kaka zone untung bom nikah bobol,trauma masa lalu
nikah yes anak gamau waris generational trauma,trauma masa lalu
iya sedikit trauma gara aku ceritain akhir kali naksir orang nikah orgnya emang umur gin rawan tingal nikah makanya aku males,trauma masa lalu
